no,Customer_ID,Employee_ID,Street_ID,Order_Date,Delivery_Date,Order_ID,Order_Type,Product_ID,Quantity,Total_Retail_Price,CostPrice_Per_Unit,Discount
1,63,121039,9260125492,11/01/2007,11/01/2007,1230058123,1,220101300017,1,16.50,7.45,.
2,5,99999999,9260114570,15/01/2007,19/01/2007,1230080101,2,230100500026,1,247.50,109.55,.
3,45,99999999,9260104847,20/01/2007,22/01/2007,1230106883,2,240600100080,1,28.30,8.55,.
4,41,120174,1600101527,28/01/2007,28/01/2007,1230147441,1,240600100010,2,32.00,6.50,.
5,183,120134,1600100760,27/02/2007,27/02/2007,1230315085,1,240200200039,3,63.60,8.80,.
6,79,99999999,9260101874,02/03/2007,03/03/2007,1230333319,2,240100400005,1,234.60,115.95,.
7,23,99999999,9260126679,03/03/2007,08/03/2007,1230338566,2,240800200062,1,35.40,16.15,.
8,23,99999999,9260126679,03/03/2007,08/03/2007,1230338566,2,240800200063,2,73.80,16.85,.
9,45,99999999,9260104847,09/03/2007,11/03/2007,1230371142,2,240500100004,2,127.00,28.00,.
10,45,99999999,9260104847,09/03/2007,11/03/2007,1230371142,2,240500200003,1,23.20,11.10,.
11,56,121059,9260111871,15/03/2007,15/03/2007,1230404278,1,220200300002,2,75.00,17.05,.
12,183,120149,1600100760,22/03/2007,22/03/2007,1230440481,1,230100600005,1,129.80,63.20,.
13,16,99999999,3940105865,24/03/2007,26/03/2007,1230450371,2,230100600018,2,128.40,32.20,.
14,79,99999999,9260101874,24/03/2007,25/03/2007,1230453723,2,240500200056,1,24.10,11.55,.
15,183,120134,1600100760,25/03/2007,25/03/2007,1230455630,1,240200100233,2,91.80,22.45,.
16,2788,99999999,9050100001,28/03/2007,30/03/2007,1230478006,2,230100100025,2,60.60,13.15,.
17,20,121066,9260118934,01/04/2007,01/04/2007,1230498538,1,230100300006,1,68.50,34.35,.
18,70046,99999999,2600100017,02/04/2007,03/04/2007,1230500669,3,240200100131,2,148.60,41.35,.
19,12386,99999999,4750100001,02/04/2007,03/04/2007,1230503155,2,220101400310,1,31.80,14.20,.
20,23,99999999,9260126679,18/04/2007,23/04/2007,1230591673,2,220200200024,3,178.50,32.25,.
21,36,99999999,9260128237,18/04/2007,20/04/2007,1230591675,3,240500100039,1,34.50,15.40,.
22,79,121045,9260101874,18/04/2007,18/04/2007,1230591684,1,240200100076,4,1796.00,246.55,.
23,61,99999999,3940108887,24/04/2007,29/04/2007,1230619748,2,220200100092,1,83.00,41.60,.
24,61,99999999,3940108887,24/04/2007,29/04/2007,1230619748,2,220200300005,3,345.00,52.35,.
25,13,99999999,3940105189,28/04/2007,03/05/2007,1230642273,2,230100500082,1,126.10,58.60,.
26,171,99999999,1600101555,01/05/2007,04/05/2007,1230657844,3,240100100646,1,109.90,46.80,.
27,11171,99999999,2600100032,07/05/2007,09/05/2007,1230690733,3,240200100043,2,282.40,69.40,.
28,14703,99999999,4750100002,08/05/2007,11/05/2007,1230699509,2,220100100044,1,102.10,48.65,.
29,14703,99999999,4750100002,08/05/2007,11/05/2007,1230699509,2,220100400005,1,81.30,40.75,.
30,79,99999999,9260101874,08/05/2007,09/05/2007,1230700421,2,230100100006,1,176.00,74.55,.
31,79,99999999,9260101874,08/05/2007,09/05/2007,1230700421,2,230100500045,2,2.60,0.60,.
32,79,99999999,9260101874,08/05/2007,09/05/2007,1230700421,2,230100500068,2,3.40,0.80,.
33,928,99999999,9050100016,15/05/2007,19/05/2007,1230738723,2,230100600026,2,237.20,59.40,.
34,19444,99999999,4750100001,16/05/2007,21/05/2007,1230744524,2,220100700024,1,99.70,47.45,.
35,19444,99999999,4750100001,16/05/2007,21/05/2007,1230744524,2,220101000002,1,17.70,8.00,.
36,71,121060,9260124130,16/05/2007,16/05/2007,1230745294,1,220200100179,1,134.50,67.35,.
37,12,121039,9260103713,18/05/2007,18/05/2007,1230754828,1,220100100272,3,68.40,11.50,.
38,12,121039,9260103713,18/05/2007,18/05/2007,1230754828,1,220101400269,4,268.00,29.80,.
39,544,99999999,9050100008,21/05/2007,22/05/2007,1230771337,2,230100500012,3,221.70,33.25,.
40,111,120148,1600102072,23/05/2007,23/05/2007,1230778996,1,230100500096,1,35.50,17.25,.
41,88,99999999,9260100179,25/05/2007,28/05/2007,1230793366,2,240400200097,3,1250.40,124.20,.
42,23,99999999,9260126679,27/05/2007,01/06/2007,1230804171,2,240500200073,3,148.50,20.65,.
43,71,121064,9260124130,31/05/2007,31/05/2007,1230825762,1,230100500093,2,265.60,55.85,.
44,23,99999999,9260126679,03/06/2007,08/06/2007,1230841456,2,240700400024,2,127.20,33.15,.
45,75,121094,9260108068,03/06/2007,03/06/2007,1230841466,1,240500100062,2,109.20,23.85,.
46,75,121094,9260108068,03/06/2007,03/06/2007,1230841466,1,240500200130,2,56.00,11.70,.
47,56,121043,9260111871,11/06/2007,11/06/2007,1230885738,1,220101300017,2,33.00,7.45,.
48,56,121043,9260111871,11/06/2007,11/06/2007,1230885738,1,220101400098,3,97.20,14.85,.
49,18,121086,9260112361,16/06/2007,16/06/2007,1230912536,1,240500200121,2,50.80,12.10,.
50,17023,99999999,2600100021,20/06/2007,25/06/2007,1230931366,3,240200200007,2,166.80,8.35,.
51,17023,99999999,2600100021,20/06/2007,25/06/2007,1230931366,3,240200200061,2,261.80,52.45,.
52,171,99999999,1600101555,03/07/2007,06/07/2007,1231002241,3,220101200029,1,52.30,22.65,.
53,70108,99999999,2600100046,04/07/2007,05/07/2007,1231008713,2,240200200039,2,42.40,8.80,.
54,2806,99999999,8010100089,04/07/2007,08/07/2007,1231014780,2,240100400043,4,1064.00,131.50,.
55,215,120145,1600102721,07/07/2007,07/07/2007,1231023774,1,230100500024,1,22.90,10.85,.
56,215,120145,1600102721,07/07/2007,07/07/2007,1231023774,1,230100600015,1,78.20,39.20,.
57,13,99999999,3940105189,09/07/2007,14/07/2007,1231035308,2,230100600023,2,146.80,36.80,.
58,36,99999999,9260128237,15/07/2007,17/07/2007,1231071449,3,240400200057,2,257.00,58.05,.
59,36,99999999,9260128237,15/07/2007,17/07/2007,1231071449,3,240400200066,2,27.60,6.30,.
60,12,121064,9260103713,16/07/2007,16/07/2007,1231077006,1,230100500095,2,193.80,40.00,.
61,61,99999999,3940108887,20/07/2007,25/07/2007,1231094514,2,230100500074,4,544.00,51.30,.
62,61,99999999,3940108887,20/07/2007,25/07/2007,1231094514,2,230100600005,2,259.60,63.20,.
63,79,121027,9260101874,27/07/2007,27/07/2007,1231135703,1,210200900004,2,92.00,16.05,.
64,79,121027,9260101874,27/07/2007,27/07/2007,1231135703,1,210201000050,2,39.00,8.95,.
65,31,121059,9260128428,02/08/2007,02/08/2007,1231169108,1,220200300157,3,220.20,36.65,.
66,215,120164,1600102721,04/08/2007,04/08/2007,1231176288,1,240500200100,2,45.40,10.85,.
67,111,99999999,1600102072,06/08/2007,08/08/2007,1231188317,2,220100900029,1,30.80,12.35,.
68,3959,99999999,8010100151,06/08/2007,07/08/2007,1231194004,3,240100100610,2,122.00,27.55,.
69,3959,99999999,8010100151,06/08/2007,07/08/2007,1231194004,3,240100400143,2,330.00,82.60,.
70,71,120732,9260124130,08/08/2007,08/08/2007,1231204878,1,230100600017,2,111.40,27.95,.
71,215,120134,1600102721,09/08/2007,09/08/2007,1231206746,1,240200100232,1,28.20,14.20,.
72,70187,99999999,2600100035,13/08/2007,18/08/2007,1231227910,2,240200200013,3,1266.00,42.20,.
73,20,121040,9260118934,13/08/2007,13/08/2007,1231231220,1,220101400306,2,145.20,33.10,.
74,45,121045,9260104847,18/08/2007,18/08/2007,1231259703,1,240200100051,3,420.90,72.00,.
75,52,99999999,9260116235,20/08/2007,26/08/2007,1231270767,3,230100600022,2,168.20,42.15,.
76,12,121037,9260103713,24/08/2007,24/08/2007,1231292064,1,220101400060,3,96.30,14.70,.
77,12,121037,9260103713,24/08/2007,24/08/2007,1231292064,1,220101400117,2,91.20,20.85,.
78,16,99999999,3940105865,27/08/2007,04/09/2007,1231305521,2,220200100035,2,125.20,31.40,.
79,16,99999999,3940105865,27/08/2007,29/08/2007,1231305531,2,220200100090,2,177.20,44.40,.
80,20,121109,9260118934,28/08/2007,28/08/2007,1231314893,1,240700200024,2,32.00,6.35,.
81,2806,99999999,8010100089,28/08/2007,01/09/2007,1231316727,2,240100400076,2,224.60,68.60,.
82,2806,99999999,8010100089,28/08/2007,01/09/2007,1231316727,2,240100400143,2,330.00,82.60,.
83,61,99999999,3940108887,29/08/2007,03/09/2007,1231317443,2,230100700002,2,440.00,135.00,.
84,71,121057,9260124130,02/09/2007,02/09/2007,1231341359,1,220200200018,2,132.80,30.25,.
85,36,99999999,9260128237,11/09/2007,13/09/2007,1231392762,3,230100600023,2,146.80,36.80,.
86,36,99999999,9260128237,15/09/2007,17/09/2007,1231414059,3,240800200008,1,150.25,60.10,.
87,70046,99999999,2600100017,23/09/2007,24/09/2007,1231453831,3,240200100052,1,99.70,51.40,.
88,70046,99999999,2600100017,23/09/2007,24/09/2007,1231453831,3,240200200015,1,24.00,10.55,.
89,52,121044,9260116235,25/09/2007,30/09/2007,1231468750,1,220100100153,1,50.00,25.10,.
90,19444,99999999,4750100001,01/10/2007,06/10/2007,1231500373,2,220101200006,1,52.20,20.95,.
91,88,121043,9260100179,01/10/2007,01/10/2007,1231501254,1,220100700052,1,106.10,50.50,.
92,52,99999999,9260116235,05/10/2007,11/10/2007,1231522431,3,240100100065,1,34.70,13.80,.
93,14703,99999999,4750100002,09/10/2007,12/10/2007,1231544990,2,220101400385,1,24.80,12.35,.
94,70108,99999999,2600100046,22/10/2007,23/10/2007,1231614059,2,220101200020,1,55.90,24.20,.
95,61,99999999,3940108887,23/10/2007,28/10/2007,1231619928,2,230100600036,1,103.20,50.40,.
96,11,99999999,3940108592,29/10/2007,03/11/2007,1231653765,3,230100200047,1,72.70,35.20,.
97,63,121061,9260125492,29/10/2007,02/11/2007,1231657078,1,220200300116,1,84.20,38.35,.
98,5,121025,9260114570,30/10/2007,30/10/2007,1231663230,1,240100100433,1,3.00,1.15,.
99,544,99999999,9050100008,12/11/2007,13/11/2007,1231734609,2,230100500091,1,191.00,80.45,.
100,1033,99999999,9050100001,12/11/2007,16/11/2007,1231734615,3,230100600005,1,129.80,63.20,.
101,17,121037,9260123306,16/11/2007,16/11/2007,1231757107,1,220100100568,1,84.10,42.15,.
102,14703,99999999,4750100002,19/11/2007,22/11/2007,1231773634,2,220101400018,2,45.60,10.45,.
103,71,121025,9260124130,20/11/2007,20/11/2007,1231780610,1,240100400080,1,219.90,109.90,.
104,5,99999999,9260114570,01/12/2007,03/12/2007,1231842118,2,240700300002,2,43.98,7.25,.
105,45,121060,9260104847,04/12/2007,04/12/2007,1231858937,1,220200300079,2,128.60,28.65,.
106,70187,99999999,2600100035,05/12/2007,10/12/2007,1231861295,2,240200100154,2,53.20,11.95,.
107,71,121043,9260124130,10/12/2007,10/12/2007,1231891098,1,220101400091,2,65.60,15.00,.
108,88,120733,9260100179,11/12/2007,11/12/2007,1231896710,1,230100500087,1,93.80,39.05,.
109,183,120127,1600100760,12/12/2007,12/12/2007,1231898348,1,220101400289,4,240.80,27.40,.
110,215,120132,1600102721,14/12/2007,14/12/2007,1231908237,1,240200100180,2,243.20,62.90,.
111,17,121020,9260123306,17/12/2007,17/12/2007,1231928627,1,240100400070,1,175.90,127.95,.
112,111,120127,1600102072,18/12/2007,18/12/2007,1231930216,1,220100300008,4,342.80,34.35,.
113,111,120127,1600102072,19/12/2007,19/12/2007,1231936241,1,220101400017,2,22.20,5.00,.
114,5,99999999,9260114570,21/12/2007,23/12/2007,1231950921,2,230100500093,2,265.60,55.85,.
115,5,99999999,9260114570,21/12/2007,23/12/2007,1231950921,2,230100600030,1,86.30,41.40,.
116,111,99999999,1600102072,22/12/2007,24/12/2007,1231952752,2,220100100298,2,105.80,26.55,.
117,70210,99999999,2600100015,22/12/2007,23/12/2007,1231953192,3,240200100052,2,199.40,51.40,.
118,5,121037,9260114570,22/12/2007,22/12/2007,1231956902,1,220101400276,2,136.80,31.20,.
119,19,99999999,3940106547,26/12/2007,30/12/2007,1231976710,3,240300100020,4,56.40,6.05,.
120,19,99999999,3940106547,26/12/2007,30/12/2007,1231976710,3,240300100032,2,1200.20,300.00,.
121,183,120158,1600100760,27/12/2007,27/12/2007,1231982684,1,240400300033,3,107.10,14.35,.
122,195,120148,1600101663,28/12/2007,28/12/2007,1231986335,1,230100500008,1,38.00,16.80,.
123,70046,99999999,2600100017,31/12/2007,01/01/2008,1232003930,3,240200100124,2,49.00,12.35,.
124,5,99999999,9260114570,31/12/2007,04/01/2008,1232007693,2,240100400044,1,353.60,174.75,.
125,5,99999999,9260114570,31/12/2007,04/01/2008,1232007693,2,240100400049,1,421.20,212.95,.
126,45,121066,9260104847,31/12/2007,31/12/2007,1232007700,1,230100100045,2,249.60,53.60,.
127,45,121066,9260104847,31/12/2007,31/12/2007,1232007700,1,230100200019,2,398.20,95.65,.
128,45,121066,9260104847,31/12/2007,31/12/2007,1232007700,1,230100500056,1,8.00,3.50,.
129,53,120143,1600103258,13/01/2008,13/01/2008,1232087464,1,230100600022,4,336.40,42.15,.
130,49,121039,9260104510,13/01/2008,13/01/2008,1232092527,1,220100200004,1,6.50,2.60,.
131,49,121039,9260104510,13/01/2008,13/01/2008,1232092527,1,220100900006,1,88.40,35.45,.
132,49,121039,9260104510,13/01/2008,13/01/2008,1232092527,1,220101400150,1,28.20,12.90,.
133,34,121040,9260111379,23/01/2008,23/01/2008,1232161564,1,220100100197,1,101.30,50.75,.
134,2618,99999999,8010100125,25/01/2008,30/01/2008,1232173841,3,240100100581,1,28.00,11.55,.
135,2618,99999999,8010100125,25/01/2008,30/01/2008,1232173841,3,240100400147,1,248.30,122.75,.
136,89,99999999,9260116551,01/02/2008,04/02/2008,1232217725,2,230100100062,2,283.40,61.00,.
137,195,120150,1600101663,05/02/2008,05/02/2008,1232240447,1,230100200059,2,77.60,16.65,.
138,70046,99999999,2600100017,05/02/2008,06/02/2008,1232241009,3,240200200039,1,22.20,9.20,.
139,171,120148,1600101555,15/02/2008,15/02/2008,1232307056,1,230100500081,2,146.00,30.35,.
140,20,121039,9260118934,15/02/2008,15/02/2008,1232311932,1,220100300025,2,206.00,42.40,.
141,23,99999999,9260126679,18/02/2008,22/02/2008,1232331499,2,230100100051,2,369.80,78.15,.
142,13,99999999,3940105189,25/02/2008,28/02/2008,1232373481,2,220200100229,1,165.50,82.85,.
143,4,99999999,9260106519,02/03/2008,03/03/2008,1232410925,3,240800200030,1,47.70,18.80,.
144,4,121100,9260106519,09/03/2008,09/03/2008,1232455720,1,240600100017,1,53.00,23.25,.
145,70201,99999999,2600100012,19/03/2008,24/03/2008,1232517885,3,240200100226,1,183.90,86.65,.
146,4,99999999,9260106519,20/03/2008,21/03/2008,1232530384,3,240700200019,1,16.90,8.60,.
147,49,121037,9260104510,20/03/2008,20/03/2008,1232530393,1,220100100125,1,33.40,16.80,.
148,49,121037,9260104510,20/03/2008,20/03/2008,1232530393,1,220100100513,1,63.90,32.05,.
149,49,121037,9260104510,20/03/2008,20/03/2008,1232530393,1,220100300019,1,35.60,16.70,.
150,92,121068,9260117676,24/03/2008,24/03/2008,1232554759,1,230100600022,1,84.10,42.15,.
151,195,120160,1600101663,30/03/2008,30/03/2008,1232590052,1,240400300013,1,51.80,21.60,.
152,195,120160,1600101663,30/03/2008,30/03/2008,1232590052,1,240400300035,1,19.10,7.70,.
153,89,99999999,9260116551,31/03/2008,03/04/2008,1232601472,2,230100500094,2,173.20,34.10,.
154,54655,99999999,2600100013,03/04/2008,06/04/2008,1232618023,2,240200100183,1,95.70,47.95,.
155,49,121031,9260104510,07/04/2008,15/04/2008,1232648239,1,210201000126,1,6.50,2.30,.
156,4,99999999,9260106519,08/04/2008,09/04/2008,1232654929,3,240500100017,4,214.00,23.75,.
157,4,99999999,9260106519,08/04/2008,09/04/2008,1232654929,3,240500100029,1,58.90,26.10,.
158,11171,99999999,2600100032,11/04/2008,13/04/2008,1232672914,3,240200100101,2,38.80,10.20,.
159,11171,99999999,2600100032,11/04/2008,13/04/2008,1232672914,3,240200200011,2,271.40,13.00,.
160,9,99999999,3940106659,15/04/2008,20/04/2008,1232698281,3,230100600035,1,29.40,14.15,.
161,4,121041,9260106519,16/04/2008,16/04/2008,1232709099,1,220101400145,1,16.70,7.75,.
162,34,121105,9260111379,16/04/2008,16/04/2008,1232709115,1,240700100001,3,70.80,12.30,.
163,41,99999999,1600101527,19/04/2008,23/04/2008,1232723799,3,210200600112,1,21.80,9.25,.
164,5,99999999,9260114570,19/04/2008,23/04/2008,1232728634,2,240100100403,1,168.70,76.55,.
165,215,120151,1600102721,27/04/2008,27/04/2008,1232777080,1,230100500012,1,73.90,33.25,.
166,215,120151,1600102721,27/04/2008,27/04/2008,1232777080,1,230100600023,1,73.40,36.80,.
167,195,120143,1600101663,29/04/2008,29/04/2008,1232790793,1,230100200074,1,50.10,24.50,.
168,45,99999999,9260104847,08/05/2008,12/05/2008,1232857157,2,230100600030,2,172.60,41.40,.
169,908,99999999,9050100023,13/05/2008,17/05/2008,1232889267,2,230100200054,3,407.40,61.80,.
170,34,121021,9260111379,14/05/2008,14/05/2008,1232897220,1,240100400129,3,712.20,111.00,.
171,544,99999999,9050100008,20/05/2008,21/05/2008,1232936635,2,230100600030,2,172.60,41.40,.
172,111,99999999,1600102072,22/05/2008,24/05/2008,1232946301,2,220101400061,2,102.00,23.30,.
173,52,99999999,9260116235,23/05/2008,24/05/2008,1232956741,3,230100500008,2,76.00,16.80,.
174,171,120145,1600101555,26/05/2008,26/05/2008,1232972274,1,230100200054,1,135.80,61.80,.
175,171,120145,1600101555,26/05/2008,26/05/2008,1232972274,1,230100500056,1,8.00,3.50,.
176,183,120122,1600100760,28/05/2008,28/05/2008,1232985693,1,240100100186,1,273.00,122.80,.
177,4,121109,9260106519,29/05/2008,29/05/2008,1232998740,1,240700100011,3,80.97,10.23,.
178,34,121025,9260111379,30/05/2008,30/05/2008,1233003688,1,240100100535,1,28.60,12.95,.
179,14104,99999999,4750100001,06/06/2008,09/06/2008,1233049735,3,220101400216,2,48.80,11.20,.
180,215,120148,1600102721,09/06/2008,09/06/2008,1233066745,1,230100600022,1,84.10,42.15,.
181,49,121060,9260104510,10/06/2008,10/06/2008,1233078086,1,220200200071,2,200.20,43.50,.
182,12,121054,9260103713,12/06/2008,12/06/2008,1233092596,1,240300100048,1,15.50,6.70,.
183,45,121084,9260104847,18/06/2008,18/06/2008,1233131266,1,240400300039,2,39.20,7.90,.
184,171,120121,1600101555,24/06/2008,24/06/2008,1233166411,1,240100100734,1,10.10,4.15,.
185,70187,99999999,2600100035,24/06/2008,29/06/2008,1233167161,2,240200100095,2,237.00,52.55,.
186,49,121109,9260104510,05/07/2008,05/07/2008,1233243603,1,240700200004,2,8.40,2.20,.
187,19444,99999999,4750100001,06/07/2008,11/07/2008,1233248920,2,220100700042,2,171.20,36.35,.
188,19444,99999999,4750100001,06/07/2008,11/07/2008,1233248920,2,220101400387,3,37.80,5.85,.
189,75,121029,9260108068,09/07/2008,09/07/2008,1233270605,1,210200600085,2,75.20,17.00,.
190,70059,99999999,2600100047,11/07/2008,15/07/2008,1233280857,3,220100100609,3,173.70,29.05,.
191,5,121053,9260114570,16/07/2008,16/07/2008,1233315988,1,240300200018,1,87.20,39.70,.
192,5,121053,9260114570,16/07/2008,16/07/2008,1233315988,1,240300300071,1,138.00,60.10,.
193,13,99999999,3940105189,26/07/2008,29/07/2008,1233378724,2,240300100046,1,14.10,6.90,.
194,34,121105,9260111379,10/08/2008,10/08/2008,1233482761,1,240700200021,2,38.80,10.35,.
195,2550,99999999,8010100009,10/08/2008,15/08/2008,1233484749,3,240100400098,2,503.60,125.85,.
196,2550,99999999,8010100009,10/08/2008,15/08/2008,1233484749,3,240100400136,3,272.70,45.40,.
197,70201,99999999,2600100012,15/08/2008,20/08/2008,1233514453,3,240200200060,3,553.50,73.85,.
198,215,120123,1600102721,18/08/2008,18/08/2008,1233531965,1,240100400112,1,114.00,54.80,.
199,4,99999999,9260106519,19/08/2008,20/08/2008,1233543560,3,240500200083,3,201.90,28.00,.
200,41,120134,1600101527,20/08/2008,20/08/2008,1233545775,1,240200100007,2,49.40,11.80,.
201,41,120134,1600101527,20/08/2008,20/08/2008,1233545775,1,240200100020,1,189.60,100.60,.
202,215,120150,1600102721,20/08/2008,20/08/2008,1233545781,1,230100500020,1,6.20,2.85,.
203,89,99999999,9260116551,27/08/2008,30/08/2008,1233597637,2,240700400002,2,67.20,14.65,.
204,215,120177,1600102721,31/08/2008,31/08/2008,1233618453,1,240700400020,1,73.40,38.25,.
205,5,99999999,9260114570,09/09/2008,13/09/2008,1233682051,2,240100100676,1,43.40,18.65,.
206,49,121053,9260104510,10/09/2008,10/09/2008,1233689304,1,240300300070,3,1514.40,229.65,.
207,195,120148,1600101663,03/10/2008,03/10/2008,1233837302,1,230100500026,4,990.00,109.55,.
208,195,120148,1600101663,03/10/2008,03/10/2008,1233837302,1,230100600036,3,309.60,50.40,.
209,111,99999999,1600102072,12/10/2008,14/10/2008,1233895201,2,220100100371,1,25.60,12.90,.
210,111,99999999,1600102072,12/10/2008,14/10/2008,1233895201,2,220101400238,2,113.80,25.95,.
211,544,99999999,9050100008,14/10/2008,15/10/2008,1233913196,2,230100400012,1,29.30,11.75,.
212,34,121030,9260111379,15/10/2008,15/10/2008,1233920786,1,210200400020,1,38.00,19.10,.
213,34,121030,9260111379,15/10/2008,15/10/2008,1233920786,1,210200400070,1,41.60,20.90,.
214,52,121135,9260116235,15/10/2008,15/10/2008,1233920795,1,240800200010,1,120.40,48.10,.
215,52,121064,9260116235,15/10/2008,15/10/2008,1233920805,1,230100500056,1,8.00,3.50,.
216,19873,99999999,4750100001,27/10/2008,03/11/2008,1233998114,2,220100100101,1,59.70,29.95,.
217,19873,99999999,4750100001,27/10/2008,03/11/2008,1233998114,2,220100400022,1,98.90,47.70,.
218,92,121039,9260117676,01/11/2008,01/11/2008,1234033037,1,220100700022,1,53.70,22.75,.
219,75,121069,9260108068,10/11/2008,10/11/2008,1234092222,1,230100500023,1,7.20,3.10,.
220,195,120123,1600101663,17/11/2008,17/11/2008,1234133789,1,240100400046,1,328.30,165.95,.
221,53,120121,1600103258,25/11/2008,25/11/2008,1234186330,1,240100400095,1,200.10,97.75,.
222,49,121035,9260104510,26/11/2008,26/11/2008,1234198497,1,210200100017,1,39.00,17.35,.
223,54655,99999999,2600100013,02/12/2008,05/12/2008,1234235150,2,240200200060,2,369.00,73.85,.
224,49,121042,9260104510,03/12/2008,03/12/2008,1234247283,1,220100400023,2,187.20,40.75,.
225,17,121135,9260123306,04/12/2008,04/12/2008,1234255111,1,240800100039,3,257.40,39.90,.
226,23,99999999,9260126679,08/12/2008,12/12/2008,1234279341,2,230100500092,1,116.70,48.60,.
227,92,121109,9260117676,11/12/2008,11/12/2008,1234301319,1,240700200010,4,105.60,10.10,.
228,70210,99999999,2600100015,15/12/2008,16/12/2008,1234323012,3,240200100098,2,29.20,6.75,.
229,70210,99999999,2600100015,15/12/2008,16/12/2008,1234323012,3,240200100101,2,39.00,10.30,.
230,70210,99999999,2600100015,15/12/2008,16/12/2008,1234323012,3,240200200035,2,196.00,39.30,.
231,4,121069,9260106519,18/12/2008,18/12/2008,1234348668,1,230100100053,2,92.60,20.90,.
232,17,121071,9260123306,20/12/2008,20/12/2008,1234360543,1,230100100033,2,110.20,25.40,.
233,12,121069,9260103713,22/12/2008,22/12/2008,1234373539,1,230100100013,2,226.20,58.90,.
234,111,120123,1600102072,29/12/2008,29/12/2008,1234414529,1,240100100654,2,90.40,18.15,.
235,111,120123,1600102072,29/12/2008,29/12/2008,1234414529,1,240100400136,2,181.80,45.40,.
236,17,121109,9260123306,29/12/2008,29/12/2008,1234419240,1,240700100013,5,119.95,9.75,.
237,195,120150,1600101663,02/01/2009,02/01/2009,1234437760,1,230100600028,2,193.40,48.45,.
238,36,99999999,9260128237,11/01/2009,14/01/2009,1234534069,3,240800100026,4,525.20,58.55,.
239,183,120121,1600100760,12/01/2009,12/01/2009,1234537441,1,240100200001,1,16.00,6.35,.
240,16,99999999,3940105865,12/01/2009,14/01/2009,1234538390,2,220200300015,1,115.00,52.40,.
241,16,99999999,3940105865,17/01/2009,19/01/2009,1234588648,2,230100500101,1,138.70,62.50,.
242,16,99999999,3940105865,17/01/2009,19/01/2009,1234588648,2,230100600024,1,76.10,38.15,.
243,16,99999999,3940105865,24/01/2009,26/01/2009,1234659163,2,230100700008,1,504.20,245.80,.
244,63,99999999,9260125492,24/01/2009,25/01/2009,1234665265,2,240100100063,2,48.40,9.75,.
245,171,99999999,1600101555,29/01/2009,02/02/2009,1234709803,3,220100100304,2,122.60,30.75,.
246,183,120179,1600100760,31/01/2009,31/01/2009,1234727966,1,240700400004,1,13.20,5.95,.
247,70221,99999999,2600100019,16/02/2009,18/02/2009,1234891576,3,240200100226,1,183.90,86.65,.
248,18,121021,9260112361,16/02/2009,16/02/2009,1234897732,1,240100100672,1,197.90,84.90,.
249,24,99999999,9260115784,22/02/2009,27/02/2009,1234958242,2,230100500016,1,11.90,5.40,.
250,16,99999999,3940105865,24/02/2009,26/02/2009,1234972570,2,230100200048,1,68.70,34.45,.
251,11171,99999999,2600100032,15/03/2009,17/03/2009,1235176942,3,240200100021,1,2.70,1.20,.
252,11171,99999999,2600100032,15/03/2009,17/03/2009,1235176942,3,240200100246,1,16.20,7.90,.
253,215,120160,1600102721,21/03/2009,21/03/2009,1235236723,1,240400200094,1,254.20,115.60,.
254,89,121043,9260116551,24/03/2009,24/03/2009,1235275513,1,220100100241,1,29.70,14.95,.
255,111,120122,1600102072,28/03/2009,28/03/2009,1235306679,1,240100200014,1,55.40,22.80,.
256,63,121109,9260125492,04/04/2009,04/04/2009,1235384426,1,240700100012,1,21.99,9.10,.
257,16,99999999,3940105865,25/04/2009,27/04/2009,1235591214,2,240400200022,1,93.40,38.95,.
258,16,99999999,3940105865,25/04/2009,27/04/2009,1235591214,2,240400200036,1,55.50,25.10,.
259,16,99999999,3940105865,27/04/2009,29/04/2009,1235611754,2,240400300033,2,71.40,14.35,.
260,16,99999999,3940105865,27/04/2009,29/04/2009,1235611754,2,240400300035,2,38.20,7.70,.
261,16,99999999,3940105865,10/05/2009,12/05/2009,1235744141,2,230100500081,2,146.00,30.35,.
262,16,99999999,3940105865,10/05/2009,12/05/2009,1235744141,2,230100700009,3,1687.50,287.10,.
263,24,99999999,9260115784,18/05/2009,24/05/2009,1235830338,2,220200100202,1,92.00,46.10,.
264,24,99999999,9260115784,18/05/2009,24/05/2009,1235830338,2,220200200073,1,145.90,66.35,.
265,171,120127,1600101555,21/05/2009,21/05/2009,1235856852,1,220100100019,1,27.70,13.95,.
266,171,120127,1600101555,21/05/2009,21/05/2009,1235856852,1,220101400152,1,13.10,5.90,.
267,36,99999999,9260128237,23/05/2009,26/05/2009,1235881915,3,240700400004,2,26.40,5.95,.
268,49,121040,9260104510,26/05/2009,26/05/2009,1235913793,1,220101200025,1,26.70,11.60,.
269,79,99999999,9260101874,27/05/2009,03/06/2009,1235926178,3,210200200022,2,36.00,7.05,.
270,12386,99999999,4750100001,31/05/2009,01/06/2009,1235963427,2,220100700024,3,313.80,49.80,.
271,12386,99999999,4750100001,31/05/2009,01/06/2009,1235963427,2,220100900029,1,31.40,12.55,.
272,183,120127,1600100760,06/06/2009,06/06/2009,1236017640,1,220101400092,1,57.70,25.70,.
273,9,99999999,3940106659,07/06/2009,12/06/2009,1236028541,3,230100500056,2,16.00,3.50,.
274,10,121136,9260129395,09/06/2009,09/06/2009,1236055696,1,240800100041,1,292.50,121.75,.
275,908,99999999,9050100023,10/06/2009,14/06/2009,1236066649,2,230100300010,1,46.70,18.75,.
276,36,99999999,9260128237,15/06/2009,18/06/2009,1236113431,3,230100200066,2,25.80,5.45,.
277,26148,99999999,2600100010,17/06/2009,19/06/2009,1236128445,2,240200100053,2,174.40,44.95,.
278,16,99999999,3940105865,17/06/2009,19/06/2009,1236128456,2,230100500006,2,16.80,3.45,.
279,16,99999999,3940105865,17/06/2009,19/06/2009,1236128456,2,230100600016,2,154.00,38.60,.
280,23,99999999,9260126679,22/06/2009,27/06/2009,1236183578,2,240500100026,2,110.40,24.50,.
281,23,99999999,9260126679,22/06/2009,27/06/2009,1236183578,2,240500200007,3,28.50,4.55,.
282,41,120131,1600101527,26/06/2009,26/06/2009,1236216065,1,240200100118,1,175.50,89.55,.
283,92,121051,9260117676,08/07/2009,08/07/2009,1236349115,1,240200100221,4,396.00,49.60,.
284,92,121051,9260117676,08/07/2009,08/07/2009,1236349115,1,240200200024,2,250.80,12.50,.
285,111,120123,1600102072,11/07/2009,11/07/2009,1236369939,1,240100100365,1,191.60,87.40,.
286,111,120123,1600102072,11/07/2009,11/07/2009,1236369939,1,240100400037,1,231.00,113.65,.
287,70108,99999999,2600100046,22/07/2009,02/08/2009,1236483576,2,240200200071,4,74.80,10.00,.
288,9,99999999,3940106659,10/08/2009,15/08/2009,1236673732,3,230100700008,3,1542.60,250.70,.
289,9,99999999,3940106659,10/08/2009,15/08/2009,1236673732,3,230100700011,2,550.20,113.45,.
290,70221,99999999,2600100019,12/08/2009,14/08/2009,1236694462,3,240200100056,2,82.40,19.90,.
291,34,121027,9260111379,12/08/2009,12/08/2009,1236701935,1,210200300052,2,43.80,11.05,.
292,183,120136,1600100760,21/08/2009,21/08/2009,1236783056,1,240300200058,2,183.60,41.70,.
293,183,120136,1600100760,21/08/2009,21/08/2009,1236783056,1,240300300090,3,1561.80,237.05,.
294,215,120170,1600102721,28/08/2009,28/08/2009,1236852196,1,240600100016,1,55.30,21.90,.
295,3959,99999999,8010100151,03/09/2009,04/09/2009,1236923123,3,240100100031,1,3.70,1.30,.
296,70165,99999999,2600100006,08/09/2009,18/09/2009,1236965430,3,240200100050,2,27.00,6.65,.
297,79,99999999,9260101874,27/09/2009,08/10/2009,1237165927,3,240500100057,2,76.80,17.10,.
298,111,120143,1600102072,03/10/2009,03/10/2009,1237218771,1,230100500072,1,26.10,11.90,.
299,195,120124,1600101663,08/10/2009,08/10/2009,1237272696,1,240100400069,2,186.60,39.95,.
300,195,120124,1600101663,08/10/2009,08/10/2009,1237272696,1,240100400142,2,338.80,84.85,.
301,10,121043,9260129395,13/10/2009,13/10/2009,1237327705,1,220100100298,1,52.90,26.55,.
302,10,121043,9260129395,13/10/2009,13/10/2009,1237327705,1,220100100617,1,37.30,18.75,.
303,2618,99999999,8010100125,13/10/2009,18/10/2009,1237331045,3,240100100366,1,16.30,7.80,.
304,41,120145,1600101527,18/10/2009,18/10/2009,1237370327,1,230100600031,1,88.50,42.45,.
305,171,99999999,1600101555,26/10/2009,30/10/2009,1237450174,3,220100800001,2,77.20,18.35,.
306,171,99999999,1600101555,26/10/2009,30/10/2009,1237450174,3,220101400349,1,11.90,4.80,.
307,908,99999999,9050100023,28/10/2009,01/11/2009,1237478988,2,230100200004,1,99.90,50.05,.
308,1100,99999999,9050100008,31/10/2009,02/11/2009,1237507462,2,230100400025,3,51.00,6.60,.
309,1100,99999999,9050100008,31/10/2009,02/11/2009,1237507462,2,230100700009,1,568.10,289.95,.
310,79,121081,9260101874,01/11/2009,01/11/2009,1237517484,1,240400300013,1,54.30,22.60,.
311,65,99999999,3940100176,16/11/2009,22/11/2009,1237664026,3,230100200004,1,99.90,50.05,.
312,10,99999999,9260129395,16/11/2009,21/11/2009,1237670443,2,240800200034,1,74.80,34.00,.
313,53,120190,1600103258,19/11/2009,19/11/2009,1237695520,1,220200100129,3,240.00,39.45,.
314,10,99999999,9260129395,24/11/2009,29/11/2009,1237751376,2,240100400043,1,279.30,138.10,.
315,56,121027,9260111871,28/11/2009,28/11/2009,1237789102,1,210200300007,1,50.40,25.30,.
316,9,99999999,3940106659,02/12/2009,07/12/2009,1237825036,3,240400300039,2,39.20,7.90,.
317,5,121041,9260114570,08/12/2009,08/12/2009,1237890730,1,220101400265,2,74.20,16.55,.
318,5,121041,9260114570,08/12/2009,08/12/2009,1237890730,1,220101400387,4,50.40,5.85,.
319,29,99999999,1600103020,09/12/2009,14/12/2009,1237894107,2,220100700027,2,119.00,29.85,.
320,70187,99999999,2600100035,09/12/2009,14/12/2009,1237894966,2,240200100050,2,19.98,6.65,30%
321,23,99999999,9260126679,12/12/2009,17/12/2009,1237928021,2,240800100074,3,949.80,126.70,.
322,23,99999999,9260126679,12/12/2009,17/12/2009,1237928021,2,240800200037,3,164.40,23.75,.
323,41,120158,1600101527,17/12/2009,17/12/2009,1237974997,1,240400300013,3,162.90,22.60,.
324,36,99999999,9260128237,18/12/2009,21/12/2009,1237989406,3,230100100018,2,318.20,67.40,.
325,46966,99999999,2600100011,21/12/2009,22/12/2009,1238013821,3,240200200026,3,312.00,41.65,.
326,9,99999999,3940106659,25/12/2009,30/12/2009,1238053337,3,230100700008,1,514.20,250.70,.
327,41,99999999,1600101527,06/01/2010,10/01/2010,1238161695,2,240100100477,2,17.00,3.30,.
328,63,121064,9260125492,06/01/2010,06/01/2010,1238168538,1,230100200073,1,46.90,20.20,.
329,10,121106,9260129395,14/01/2010,14/01/2010,1238231237,1,240700200021,1,19.60,10.55,.
330,88,121039,9260100179,17/01/2010,17/01/2010,1238255107,1,220100100581,1,38.70,19.45,.
331,215,120127,1600102721,20/01/2010,20/01/2010,1238273927,1,220100700022,3,170.70,24.10,.
332,70210,99999999,2600100015,24/01/2010,25/01/2010,1238305578,3,240200100246,1,16.20,7.90,.
333,52,121025,9260116235,25/01/2010,25/01/2010,1238319276,1,240100100305,1,8.90,4.10,.
334,89,121106,9260116551,25/01/2010,25/01/2010,1238319281,1,240700100007,1,22.85,9.30,.
335,111,120127,1600102072,30/01/2010,30/01/2010,1238353296,1,220101300001,2,67.20,14.95,.
336,111,120127,1600102072,30/01/2010,30/01/2010,1238353296,1,220101400138,3,140.10,23.45,.
337,31,121044,9260128428,31/01/2010,31/01/2010,1238367238,1,220100800001,1,38.60,18.35,.
338,19,99999999,3940106547,01/02/2010,06/02/2010,1238370259,3,230100600028,1,96.70,48.45,.
339,41,120151,1600101527,02/02/2010,02/02/2010,1238377562,1,230100600016,2,154.00,38.60,.
340,10,121073,9260129395,03/02/2010,03/02/2010,1238393448,1,230100500094,1,86.60,34.10,.
341,19,99999999,3940106547,08/02/2010,13/02/2010,1238426415,3,230100700011,1,283.30,116.85,.
342,52,121042,9260116235,09/02/2010,09/02/2010,1238440880,1,220100100530,1,52.20,26.20,.
343,50,99999999,3940105781,14/02/2010,15/02/2010,1238474357,2,230100700011,2,566.60,116.85,.
344,71,121054,9260124130,18/02/2010,18/02/2010,1238510159,1,240300200009,1,48.70,18.15,.
345,71,121054,9260124130,18/02/2010,18/02/2010,1238510159,1,240300300024,1,54.10,23.00,.
346,19,99999999,3940106547,24/02/2010,01/03/2010,1238553101,3,240400200091,1,217.00,90.40,.
347,88,121033,9260100179,02/03/2010,02/03/2010,1238605995,1,210201100004,1,47.90,20.90,.
348,88,121023,9260100179,06/03/2010,06/03/2010,1238637449,1,240100400151,1,419.00,209.45,.
349,12,121069,9260103713,07/03/2010,07/03/2010,1238646479,1,230100200043,1,56.70,27.25,.
350,90,121072,9260111614,07/03/2010,07/03/2010,1238646484,1,230100300013,1,24.80,5.00,.
351,53,120121,1600103258,11/03/2010,11/03/2010,1238674844,1,240100100508,1,48.30,19.25,.
352,12,121051,9260103713,11/03/2010,11/03/2010,1238678581,1,240200100181,1,109.30,56.60,.
353,12,121051,9260103713,11/03/2010,11/03/2010,1238678581,1,240200200080,2,187.60,9.40,.
354,10,121044,9260129395,12/03/2010,12/03/2010,1238686430,1,220101400201,1,40.60,18.05,.
355,2806,99999999,8010100089,13/03/2010,17/03/2010,1238696385,2,240100100312,2,36.20,7.70,.
356,53,120127,1600103258,16/03/2010,16/03/2010,1238712056,1,220100100185,1,97.60,48.90,.
357,53,120127,1600103258,16/03/2010,16/03/2010,1238712056,1,220100700002,1,186.80,89.10,.
358,195,120177,1600101663,19/03/2010,19/03/2010,1238735750,1,240700400020,2,155.60,40.50,.
359,928,99999999,9050100016,26/03/2010,30/03/2010,1238797437,2,230100100063,2,767.80,176.05,.
360,52,121024,9260116235,27/03/2010,27/03/2010,1238805678,1,240100100714,1,92.80,39.85,.
361,52,121024,9260116235,27/03/2010,27/03/2010,1238805678,1,240100400006,1,229.10,113.25,.
362,89,121039,9260116551,27/03/2010,27/03/2010,1238805703,1,220101400285,1,59.40,27.05,.
363,14703,99999999,4750100002,28/03/2010,31/03/2010,1238812262,2,220100100309,1,96.30,48.25,.
364,14703,99999999,4750100002,28/03/2010,31/03/2010,1238812262,2,220101400373,1,51.80,23.65,.
365,88,121056,9260100179,01/04/2010,01/04/2010,1238846184,1,220200100035,1,62.60,31.40,.
366,70187,99999999,2600100035,03/04/2010,08/04/2010,1238856867,2,220101000002,1,17.70,8.00,.
367,39,121105,9260123099,04/04/2010,04/04/2010,1238870441,1,240700200007,1,5.10,2.20,.
368,3959,99999999,8010100151,04/04/2010,06/04/2010,1238872273,3,240100100434,1,16.40,8.05,.
369,89,121042,9260116551,09/04/2010,09/04/2010,1238910092,1,220100100309,2,192.60,48.25,.
370,89,121042,9260116551,09/04/2010,09/04/2010,1238910092,1,220101400363,2,78.00,16.95,.
371,215,120172,1600102721,12/04/2010,12/04/2010,1238928257,1,240600100181,1,37.40,16.30,.
372,29,99999999,1600103020,17/04/2010,21/04/2010,1238968334,2,220100100025,1,17.40,8.80,.
373,29,99999999,1600103020,19/04/2010,23/04/2010,1238985782,2,240100100703,1,79.90,34.30,.
374,19,99999999,3940106547,21/04/2010,26/04/2010,1239003827,3,230100600016,1,77.00,38.60,.
375,70221,99999999,2600100019,23/04/2010,25/04/2010,1239018454,3,240200100073,1,22.30,12.60,.
376,70221,99999999,2600100019,23/04/2010,25/04/2010,1239018454,3,240200200068,1,313.80,159.15,.
377,12,121030,9260103713,27/04/2010,27/04/2010,1239057268,1,210200500006,2,48.00,11.95,.
378,29,99999999,1600103020,12/05/2010,16/05/2010,1239172417,2,240100100148,2,51.60,10.95,.
379,39,99999999,9260123099,12/05/2010,17/05/2010,1239179935,2,240700300002,1,21.99,7.25,.
380,52,121040,9260116235,14/05/2010,14/05/2010,1239194032,1,220100100192,1,27.40,13.80,.
381,90,121020,9260111614,15/05/2010,15/05/2010,1239201604,1,240100400129,3,712.20,111.00,.
382,29,99999999,1600103020,18/05/2010,22/05/2010,1239220388,2,240100100184,1,190.40,88.80,.
383,20,99999999,9260118934,18/05/2010,24/05/2010,1239226632,3,220200100190,3,190.50,29.95,.
384,63,121087,9260125492,21/05/2010,21/05/2010,1239248786,1,240500100015,3,174.30,25.80,.
385,63,121087,9260125492,21/05/2010,21/05/2010,1239248786,1,240500200093,1,41.70,19.75,.
386,41,120152,1600101527,23/05/2010,23/05/2010,1239258470,1,240400200003,1,6.20,3.00,.
387,53,120143,1600103258,24/05/2010,24/05/2010,1239266107,1,230100600038,1,112.50,54.95,.
388,45,121075,9260104847,29/05/2010,29/05/2010,1239312711,1,230100600016,3,231.00,38.60,.
389,45,121075,9260104847,29/05/2010,29/05/2010,1239312711,1,230100700011,3,849.90,116.85,.
390,1100,99999999,9050100008,30/05/2010,01/06/2010,1239320891,2,230100200006,3,279.30,46.65,.
391,52,121037,9260116235,02/06/2010,02/06/2010,1239346133,1,220100100273,3,116.40,19.50,.
392,52,121037,9260116235,02/06/2010,02/06/2010,1239346133,1,220100300042,1,208.60,84.35,.
393,183,120143,1600100760,04/06/2010,04/06/2010,1239353855,1,230100500066,1,12.70,6.10,.
394,89,121105,9260116551,05/06/2010,05/06/2010,1239368476,1,240700100012,3,65.97,9.10,.
395,52,121105,9260116235,10/06/2010,10/06/2010,1239408849,1,240700100017,2,53.20,11.40,.
396,29,99999999,1600103020,11/06/2010,15/06/2010,1239410348,2,220100800071,1,32.80,15.70,.
397,88,121036,9260100179,11/06/2010,11/06/2010,1239416627,1,220100800040,2,248.20,59.05,.
398,195,120127,1600101663,12/06/2010,12/06/2010,1239418524,1,220100100536,2,408.80,102.30,.
399,41,99999999,1600101527,15/06/2010,19/06/2010,1239442095,2,210201000198,2,120.20,26.80,.
400,17023,99999999,2600100021,22/06/2010,27/06/2010,1239498112,3,240200200044,2,97.80,19.60,.
401,90,121040,9260111614,27/06/2010,27/06/2010,1239543223,1,220100100635,2,172.80,43.30,.
402,90,121040,9260111614,27/06/2010,27/06/2010,1239543223,1,220101300012,2,38.60,8.75,.
403,45,121127,9260104847,06/07/2010,06/07/2010,1239615368,1,240800200002,1,178.88,71.55,.
404,88,121040,9260100179,16/07/2010,16/07/2010,1239693951,1,220100900035,2,83.60,19.45,.
405,16,99999999,3940105865,19/07/2010,20/07/2010,1239713046,2,230100500058,4,66.80,7.25,.
406,16,99999999,3940105865,19/07/2010,20/07/2010,1239713046,2,230100500082,2,252.20,58.60,.
407,16,99999999,3940105865,19/07/2010,20/07/2010,1239713046,2,230100600031,2,177.00,42.45,.
408,71,121073,9260124130,21/07/2010,21/07/2010,1239735632,1,230100700009,2,1136.20,289.95,.
409,13,99999999,3940105189,23/07/2010,28/07/2010,1239744161,2,240400200003,1,6.20,3.00,.
410,13,99999999,3940105189,23/07/2010,28/07/2010,1239744161,2,240400300035,2,38.20,7.70,.
411,60,121036,9260101262,25/07/2010,25/07/2010,1239765451,1,220101400004,2,211.40,48.15,.
412,60,121036,9260101262,25/07/2010,25/07/2010,1239765451,1,220101400148,2,21.00,4.75,.
413,65,99999999,3940100176,28/07/2010,03/08/2010,1239785436,3,230100600031,4,354.00,42.45,.
414,1684,99999999,9050100008,01/08/2010,04/08/2010,1239821232,2,230100500013,2,18.80,4.75,.
415,54655,99999999,2600100013,02/08/2010,05/08/2010,1239823829,2,240200200081,2,214.60,10.75,.
416,12,121090,9260103713,03/08/2010,03/08/2010,1239836937,1,240500100043,2,52.40,8.85,.
417,12,121042,9260103713,08/08/2010,08/08/2010,1239874523,1,220101400047,2,48.40,11.10,.
418,16,99999999,3940105865,16/08/2010,17/08/2010,1239932984,2,220200200079,2,285.80,64.85,.
419,16,99999999,3940105865,16/08/2010,17/08/2010,1239932984,2,220200300129,5,406.00,37.05,.
420,52,120732,9260116235,19/08/2010,19/08/2010,1239962634,1,230100500080,2,50.00,12.20,.
421,53,99999999,1600103258,21/08/2010,23/08/2010,1239972644,2,220101400237,1,102.90,46.90,.
422,90,121060,9260111614,23/08/2010,23/08/2010,1239994933,1,220200300082,3,213.00,32.30,.
423,71,99999999,9260124130,30/08/2010,05/09/2010,1240051245,3,230100100028,1,250.90,104.20,.
424,71,99999999,9260124130,30/08/2010,05/09/2010,1240051245,3,230100200022,3,359.10,56.90,.
425,60,121066,9260101262,31/08/2010,31/08/2010,1240060066,1,230100100062,1,141.70,61.00,.
426,544,99999999,9050100008,10/09/2010,11/09/2010,1240137702,2,230100300023,1,36.00,15.00,.
427,70165,99999999,2600100006,15/09/2010,16/09/2010,1240173354,3,240200100225,2,306.20,77.85,.
428,29,99999999,1600103020,17/09/2010,21/09/2010,1240187143,2,240100400100,1,154.60,116.60,.
429,10,121039,9260129395,18/09/2010,18/09/2010,1240201886,1,220101400339,1,32.30,14.75,.
430,52,121051,9260116235,28/09/2010,28/09/2010,1240283215,1,240200100118,1,175.50,89.55,.
431,52,121051,9260116235,28/09/2010,28/09/2010,1240283215,1,240200100164,2,112.20,28.15,.
432,52,121051,9260116235,28/09/2010,28/09/2010,1240283215,1,240200100227,2,323.80,75.90,.
433,90,121071,9260111614,01/10/2010,01/10/2010,1240306942,1,230100500056,1,8.00,3.50,.
434,90,121071,9260111614,01/10/2010,01/10/2010,1240306942,1,230100600018,1,64.20,32.20,.
435,908,99999999,9050100023,02/10/2010,06/10/2010,1240314947,2,230100600028,1,96.70,48.45,.
436,17,121074,9260123306,02/10/2010,02/10/2010,1240314956,1,230100500094,1,86.60,34.10,.
437,10,121063,9260129395,07/10/2010,07/10/2010,1240355393,1,230100600022,1,84.10,42.15,.
438,63,120733,9260125492,10/10/2010,10/10/2010,1240379679,1,230100200004,1,99.90,50.05,.
439,63,120733,9260125492,10/10/2010,10/10/2010,1240379679,1,230100500077,1,173.00,72.75,.
440,89,121140,9260116551,11/10/2010,11/10/2010,1240387741,1,240800200020,1,187.20,85.15,.
441,183,120153,1600100760,17/10/2010,17/10/2010,1240430921,1,240400200093,1,155.80,64.95,.
442,29,99999999,1600103020,19/10/2010,23/10/2010,1240446608,2,220100100553,1,35.00,17.60,.
443,29,99999999,1600103020,19/10/2010,23/10/2010,1240446608,2,220100700046,2,305.80,72.90,.
444,50,99999999,3940105781,19/10/2010,20/10/2010,1240447572,2,230100200056,1,270.00,125.65,.
445,10,121036,9260129395,20/10/2010,20/10/2010,1240461993,1,220100300020,1,11.30,4.55,.
446,10,121036,9260129395,20/10/2010,20/10/2010,1240461993,1,220100800009,1,52.50,24.95,.
447,10,121036,9260129395,20/10/2010,20/10/2010,1240461993,1,220101400276,1,68.40,31.20,.
448,29,99999999,1600103020,24/10/2010,28/10/2010,1240485814,2,220101400290,1,74.80,34.10,.
449,63,121033,9260125492,26/10/2010,26/10/2010,1240509842,1,210200500007,1,39.40,17.80,.
450,50,99999999,3940105781,27/10/2010,28/10/2010,1240512744,2,240300100046,2,28.80,7.05,.
451,89,121061,9260116551,31/10/2010,31/10/2010,1240549230,1,220200100012,1,58.70,28.25,.
452,19,99999999,3940106547,03/11/2010,08/11/2010,1240568966,3,220200100226,1,133.20,66.70,.
453,215,120192,1600102721,05/11/2010,05/11/2010,1240581932,1,210201000199,3,124.20,18.85,.
454,2788,99999999,9050100001,05/11/2010,07/11/2010,1240588370,2,230100500082,1,126.10,58.60,.
455,16,99999999,3940105865,07/11/2010,08/11/2010,1240599396,2,230100700002,1,220.00,135.00,.
456,16,99999999,3940105865,07/11/2010,08/11/2010,1240599396,2,230100700004,1,360.00,199.00,.
457,63,121071,9260125492,07/11/2010,07/11/2010,1240604971,1,230100600030,1,86.30,41.40,.
458,20,121069,9260118934,08/11/2010,08/11/2010,1240613362,1,230100100017,1,175.30,74.95,.
459,88,121086,9260100179,18/11/2010,18/11/2010,1240692950,1,240500100039,1,34.50,15.40,.
460,544,99999999,9050100008,29/11/2010,30/11/2010,1240782710,2,230100500066,1,12.70,6.10,.
461,544,99999999,9050100008,29/11/2010,30/11/2010,1240782710,2,230100600005,1,129.80,63.20,.
462,544,99999999,9050100008,08/12/2010,09/12/2010,1240856801,2,230100600028,2,193.40,48.45,.
463,544,99999999,9050100008,08/12/2010,09/12/2010,1240856801,2,230100600039,1,124.70,59.65,.
464,1100,99999999,9050100008,10/12/2010,12/12/2010,1240870047,2,230100100015,2,213.80,45.50,.
465,52,121030,9260116235,12/12/2010,12/12/2010,1240886449,1,210200200023,1,19.80,8.25,.
466,52,121044,9260116235,14/12/2010,14/12/2010,1240903120,1,220100100592,2,62.20,15.65,.
467,52,121044,9260116235,14/12/2010,14/12/2010,1240903120,1,220100100629,4,213.20,26.75,.
468,16,99999999,3940105865,22/12/2010,23/12/2010,1240961599,2,230100200025,4,1103.60,125.25,.
469,16,99999999,3940105865,22/12/2010,23/12/2010,1240961599,2,230100600015,1,78.20,39.20,.
470,24,99999999,9260115784,02/01/2011,05/01/2011,1241054779,3,240800200021,2,195.60,42.45,.
471,89,121135,9260116551,03/01/2011,04/01/2011,1241063739,1,240800200035,6,160.80,12.15,.
472,171,120134,1600101555,04/01/2011,04/01/2011,1241066216,1,240200100225,2,306.20,77.85,.
473,53,99999999,1600103258,06/01/2011,09/01/2011,1241086052,3,210200500002,3,37.80,5.70,.
474,53,120131,1600103258,13/01/2011,13/01/2011,1241147641,1,240200200091,2,362.60,72.60,.
475,171,120136,1600101555,23/01/2011,30/01/2011,1241235281,1,240300100001,1,72.60,36.25,.
476,111,120164,1600102072,24/01/2011,24/01/2011,1241244297,1,240500100041,2,258.20,51.70,.
477,111,120164,1600102072,24/01/2011,24/01/2011,1241244297,1,240500200042,2,81.20,19.35,.
478,111,120164,1600102072,24/01/2011,24/01/2011,1241244297,1,240500200101,3,358.20,49.75,.
479,3959,99999999,8010100151,25/01/2011,26/01/2011,1241263172,3,240100400004,1,102.40,51.15,.
480,3959,99999999,8010100151,25/01/2011,26/01/2011,1241263172,3,240100400062,1,113.20,54.00,.
481,27,99999999,9260105670,28/01/2011,02/02/2011,1241286432,3,240800200009,2,174.40,34.90,.
482,2806,99999999,8010100089,29/01/2011,08/02/2011,1241298131,2,240100400058,1,37.40,29.65,.
483,12,121043,9260103713,05/02/2011,05/02/2011,1241359997,1,220100100105,1,117.60,58.90,.
484,171,120124,1600101555,07/02/2011,07/02/2011,1241371145,1,240100400046,2,656.60,165.95,.
485,171,120124,1600101555,07/02/2011,07/02/2011,1241371145,1,240100400085,2,129.00,30.95,.
486,41,120131,1600101527,09/02/2011,09/02/2011,1241390440,1,240200100046,2,36.20,9.15,.
487,18,121042,9260112361,16/02/2011,17/02/2011,1241461856,1,220100100523,1,29.40,14.80,.
488,171,120127,1600101555,28/02/2011,28/02/2011,1241561055,1,220101400088,5,192.00,17.50,.
489,24,99999999,9260115784,06/03/2011,09/03/2011,1241623505,3,240700400017,1,46.90,21.95,.
490,70100,99999999,2600100015,09/03/2011,13/03/2011,1241645664,2,240200200020,1,150.10,14.00,.
491,27,99999999,9260105670,09/03/2011,14/03/2011,1241652707,3,240700400017,3,140.70,21.95,.
492,10,121040,9260129395,13/03/2011,19/03/2011,1241686210,1,220100100235,1,32.60,16.40,.
493,92,121106,9260117676,16/03/2011,16/03/2011,1241715610,1,240700200019,1,16.90,8.60,.
494,31,121025,9260128428,18/03/2011,18/03/2011,1241731828,1,240100100410,1,22.70,10.40,.
495,31,121025,9260128428,18/03/2011,18/03/2011,1241731828,1,240100100665,1,41.50,17.25,.
496,17023,99999999,2600100021,25/03/2011,30/03/2011,1241789227,3,240200100211,1,121.00,60.65,.
497,56,121051,9260111871,05/04/2011,09/04/2011,1241895594,1,240200100034,2,24.40,4.45,.
498,56,121051,9260111871,05/04/2011,09/04/2011,1241895594,1,240200100050,1,13.50,6.65,.
499,46966,99999999,2600100011,07/04/2011,08/04/2011,1241909303,3,240200200081,1,107.30,10.75,.
500,27,99999999,9260105670,09/04/2011,14/04/2011,1241930625,3,220200100012,1,58.70,28.25,.
501,27,99999999,9260105670,09/04/2011,14/04/2011,1241930625,3,220200100171,1,56.30,31.05,.
502,27,99999999,9260105670,09/04/2011,14/04/2011,1241930625,3,220200200014,1,90.00,40.90,.
503,171,120152,1600101555,15/04/2011,15/04/2011,1241977403,1,240400300035,1,19.10,7.70,.
504,10,121040,9260129395,18/04/2011,18/04/2011,1242012259,1,220100300037,2,231.60,48.70,.
505,10,121040,9260129395,18/04/2011,18/04/2011,1242012259,1,220101400032,2,19.20,4.85,.
506,45,121040,9260104847,18/04/2011,18/04/2011,1242012269,1,220100300019,4,142.40,16.70,.
507,45,121040,9260104847,18/04/2011,18/04/2011,1242012269,1,220101400216,3,73.80,11.30,.
508,183,120132,1600100760,21/04/2011,21/04/2011,1242035131,1,240200200061,1,147.10,58.85,.
509,31,99999999,9260128428,25/04/2011,29/04/2011,1242076538,3,220200200022,1,57.30,33.90,.
510,92,121086,9260117676,01/05/2011,01/05/2011,1242130888,1,240500100017,3,160.50,23.75,.
511,5,99999999,9260114570,02/05/2011,07/05/2011,1242140006,3,240100100159,1,31.40,13.90,.
512,90,99999999,9260111614,02/05/2011,04/05/2011,1242140009,2,240100100434,1,16.40,8.05,.
513,90,99999999,9260111614,02/05/2011,04/05/2011,1242140009,2,240100400128,1,192.40,89.90,.
514,90,121032,9260111614,03/05/2011,03/05/2011,1242149082,1,210200300006,1,14.30,7.70,.
515,90,121032,9260111614,03/05/2011,03/05/2011,1242149082,1,210200900033,4,56.80,6.45,.
516,5,99999999,9260114570,04/05/2011,09/05/2011,1242159212,3,230100200029,2,446.60,101.65,.
517,2550,99999999,8010100009,04/05/2011,09/05/2011,1242161468,3,240100100232,3,9.60,1.30,.
518,2550,99999999,8010100009,04/05/2011,09/05/2011,1242161468,3,240100400080,1,222.00,110.95,.
519,46966,99999999,2600100011,05/05/2011,06/05/2011,1242162201,3,240200100053,2,174.40,44.95,.
520,1033,99999999,9050100001,06/05/2011,10/05/2011,1242173926,3,230100600026,3,355.80,59.40,.
521,41,120136,1600101527,08/05/2011,08/05/2011,1242185055,1,240300100049,1,19.90,8.90,.
522,70079,99999999,2600100039,11/05/2011,14/05/2011,1242214574,3,240200100230,2,29.40,6.65,.
523,171,120127,1600101555,13/05/2011,13/05/2011,1242229985,1,220100100189,2,189.40,47.45,.
524,70187,99999999,2600100035,16/05/2011,21/05/2011,1242259863,2,240200100157,2,706.20,196.15,.
525,10,121105,9260129395,16/05/2011,16/05/2011,1242265757,1,240700100004,3,79.80,13.75,.
526,27,99999999,9260105670,05/06/2011,10/06/2011,1242449327,3,240100100679,2,91.60,19.50,.
527,10,121071,9260129395,06/06/2011,06/06/2011,1242458099,1,230100400007,1,12.20,4.90,.
528,34,99999999,9260111379,07/06/2011,13/06/2011,1242467585,3,240100100690,2,403.00,86.10,.
529,34,99999999,9260111379,07/06/2011,13/06/2011,1242467585,3,240100100737,5,239.50,20.65,.
530,31,99999999,9260128428,08/06/2011,12/06/2011,1242477751,3,220200200036,2,120.40,27.40,.
531,31,99999999,9260128428,08/06/2011,12/06/2011,1242477751,3,220200200077,2,277.60,63.15,.
532,5,121056,9260114570,10/06/2011,10/06/2011,1242493791,1,220200100009,2,126.80,30.50,.
533,31,121067,9260128428,11/06/2011,11/06/2011,1242502670,1,230100500056,2,16.00,3.50,.
534,31,121067,9260128428,11/06/2011,11/06/2011,1242502670,1,230100500087,2,195.00,40.55,.
535,17023,99999999,2600100021,13/06/2011,18/06/2011,1242515373,3,240200100057,4,168.00,20.25,.
536,70165,99999999,2600100006,15/06/2011,22/06/2011,1242534503,3,240200100118,4,702.00,89.55,.
537,89,99999999,9260116551,17/06/2011,21/06/2011,1242557584,2,240500200083,2,134.60,28.00,.
538,171,120130,1600101555,18/06/2011,18/06/2011,1242559569,1,220100700023,1,73.99,44.25,30%
539,2806,99999999,8010100089,18/06/2011,22/06/2011,1242568696,2,240100100029,2,239.00,51.70,.
540,2806,99999999,8010100089,18/06/2011,22/06/2011,1242568696,2,240100400098,3,755.40,125.85,.
541,70100,99999999,2600100015,20/06/2011,24/06/2011,1242578860,2,240200100173,4,1937.20,247.70,.
542,12,121037,9260103713,23/06/2011,23/06/2011,1242610991,1,220101400047,2,48.40,11.10,.
543,45,121109,9260104847,27/06/2011,27/06/2011,1242647539,1,240700200009,2,56.00,11.35,.
544,90,121037,9260111614,28/06/2011,28/06/2011,1242657273,1,220100100410,3,33.60,5.70,.
545,90,99999999,9260111614,02/07/2011,04/07/2011,1242691897,2,240500100062,2,110.20,24.05,.
546,10,121107,9260129395,07/07/2011,07/07/2011,1242736731,1,240700200010,3,80.70,10.30,.
547,24,99999999,9260115784,11/07/2011,14/07/2011,1242773202,3,240600100185,2,70.20,15.60,.
548,27,99999999,9260105670,12/07/2011,17/07/2011,1242782701,3,240500200081,3,403.50,56.05,.
549,10,121105,9260129395,17/07/2011,17/07/2011,1242827683,1,240700300002,1,21.99,7.25,.
550,10,121027,9260129395,18/07/2011,18/07/2011,1242836878,1,210201000067,2,60.60,13.50,.
551,41,120195,1600101527,19/07/2011,19/07/2011,1242838815,1,210200500007,1,39.40,17.80,.
552,41,120195,1600101527,19/07/2011,19/07/2011,1242838815,1,210200600056,1,50.40,22.75,.
553,2806,99999999,8010100089,19/07/2011,23/07/2011,1242848557,2,240100100312,3,54.30,7.70,.
554,70165,99999999,2600100006,28/07/2011,29/07/2011,1242923327,3,240200100081,2,16.60,3.65,.
555,171,120124,1600101555,30/07/2011,30/07/2011,1242938120,1,240100200004,1,35.20,14.80,.
556,65,99999999,3940100176,03/08/2011,07/08/2011,1242977743,2,240400200012,2,351.40,75.95,.
557,2806,99999999,8010100089,06/08/2011,10/08/2011,1243012144,2,240100100615,2,25.80,5.45,.
558,2806,99999999,8010100089,06/08/2011,10/08/2011,1243012144,2,240100400083,2,219.00,54.70,.
559,10,120733,9260129395,08/08/2011,08/08/2011,1243026971,1,230100500082,2,252.20,58.60,.
560,41,120143,1600101527,10/08/2011,10/08/2011,1243039354,1,230100600003,1,17.60,7.75,.
561,53,99999999,1600103258,11/08/2011,14/08/2011,1243049938,3,220100300001,2,180.40,38.30,.
562,10,121032,9260129395,17/08/2011,17/08/2011,1243110343,1,210200600067,2,134.00,28.90,.
563,10,121032,9260129395,17/08/2011,17/08/2011,1243110343,1,210200900038,3,60.90,9.30,.
564,171,120159,1600101555,20/08/2011,20/08/2011,1243127549,1,240400300035,1,19.10,7.70,.
565,45,120734,9260104847,22/08/2011,23/08/2011,1243152030,1,230100400010,1,40.20,16.85,.
566,90,121089,9260111614,22/08/2011,22/08/2011,1243152039,1,240500200003,2,47.60,11.40,.
567,70201,99999999,2600100012,24/08/2011,29/08/2011,1243165497,3,240200100052,2,201.20,51.90,.
568,70201,99999999,2600100012,24/08/2011,29/08/2011,1243165497,3,240200100116,3,658.50,124.90,.
569,70201,99999999,2600100012,24/08/2011,29/08/2011,1243165497,3,240200100207,2,215.80,53.35,.
570,10,121061,9260129395,27/08/2011,27/08/2011,1243198099,1,220200200018,3,199.20,30.25,.
571,10,121061,9260129395,27/08/2011,27/08/2011,1243198099,1,220200300154,3,256.20,39.80,.
572,171,120141,1600101555,31/08/2011,10/09/2011,1243227745,1,230100500004,2,6.40,1.35,.
573,928,99999999,9050100016,04/09/2011,08/09/2011,1243269405,2,230100600030,1,86.30,41.40,.
574,27,99999999,9260105670,05/09/2011,10/09/2011,1243279343,3,240500200082,2,78.40,16.45,.
575,31,121057,9260128428,06/09/2011,06/09/2011,1243290080,1,220200100137,1,50.30,25.25,.
576,45,121065,9260104847,06/09/2011,06/09/2011,1243290089,1,230100600015,1,78.20,39.20,.
577,5,121026,9260114570,09/09/2011,09/09/2011,1243315613,1,210200500016,1,52.50,22.25,.
578,12,121051,9260103713,18/09/2011,18/09/2011,1243398628,1,240200100053,1,87.20,44.95,.
579,69,121029,9260116402,20/09/2011,20/09/2011,1243417726,1,210200700016,1,23.50,9.20,.
580,24,99999999,9260115784,25/09/2011,28/09/2011,1243462945,3,240600100102,1,46.10,19.70,.
581,41,120195,1600101527,26/09/2011,26/09/2011,1243465031,1,210200600067,2,134.00,28.90,.
582,11,99999999,3940108592,28/09/2011,02/10/2011,1243485097,3,220200100002,2,78.20,19.65,.
583,89,121024,9260116551,01/10/2011,01/10/2011,1243515588,1,240100400098,1,251.80,125.85,.
584,89,121024,9260116551,01/10/2011,01/10/2011,1243515588,1,240100400125,1,114.20,44.60,.
585,31,121060,9260128428,07/10/2011,07/10/2011,1243568955,1,220200300096,1,172.50,78.50,.
586,171,120138,1600101555,16/10/2011,16/10/2011,1243643970,1,220200200035,1,101.50,46.25,.
587,70079,99999999,2600100039,16/10/2011,19/10/2011,1243644877,3,240200100098,1,14.60,6.75,.
588,41,120124,1600101527,18/10/2011,18/10/2011,1243661763,1,240100100463,2,29.40,6.05,.
589,69,121065,9260116402,18/10/2011,18/10/2011,1243670182,1,230100500004,1,3.20,1.35,.
590,31,121061,9260128428,19/10/2011,19/10/2011,1243680376,1,220200100190,1,63.50,29.95,.
591,10,121053,9260129395,01/11/2011,01/11/2011,1243797399,1,240300100028,2,1066.40,251.35,.
592,10,121053,9260129395,01/11/2011,01/11/2011,1243797399,1,240300300065,1,321.50,146.35,.
593,41,120128,1600101527,02/11/2011,02/11/2011,1243799681,1,220100100354,1,17.00,8.45,.
594,41,120128,1600101527,02/11/2011,02/11/2011,1243799681,1,220100800096,3,222.30,35.30,.
595,10,120732,9260129395,03/11/2011,03/11/2011,1243815198,1,230100500092,4,471.20,49.05,.
596,10,120732,9260129395,03/11/2011,03/11/2011,1243815198,1,230100500096,1,35.50,17.25,.
597,171,120127,1600101555,04/11/2011,04/11/2011,1243817278,1,220101400328,1,19.00,8.85,.
598,908,99999999,9050100023,11/11/2011,15/11/2011,1243887390,2,230100700008,1,519.30,253.20,.
599,34,121068,9260111379,18/11/2011,18/11/2011,1243951648,1,230100600030,1,86.30,41.40,.
600,90,121028,9260111614,19/11/2011,19/11/2011,1243960910,1,210200100009,2,69.40,15.50,.
601,215,120175,1600102721,20/11/2011,20/11/2011,1243963366,1,240600100080,2,60.80,9.20,.
602,171,120124,1600101555,23/11/2011,23/11/2011,1243991721,1,240100100354,1,29.90,14.30,.
603,70187,99999999,2600100035,23/11/2011,28/11/2011,1243992813,2,220100100421,1,8.20,4.15,.
604,2806,99999999,8010100089,30/11/2011,04/12/2011,1244066194,2,240100100159,1,31.40,13.90,.
605,2806,99999999,8010100089,30/11/2011,04/12/2011,1244066194,2,240100100605,3,144.60,20.75,.
606,14104,99999999,4750100001,03/12/2011,06/12/2011,1244086685,3,220100100516,2,80.40,20.20,.
607,14104,99999999,4750100001,03/12/2011,06/12/2011,1244086685,3,220100100631,2,114.20,28.65,.
608,45,121107,9260104847,05/12/2011,05/12/2011,1244107612,1,240700100001,5,118.00,12.30,.
609,45,121107,9260104847,05/12/2011,05/12/2011,1244107612,1,240700400031,2,126.00,31.60,.
610,45,121109,9260104847,06/12/2011,06/12/2011,1244117101,1,240700100007,2,45.70,9.30,.
611,45,121109,9260104847,06/12/2011,06/12/2011,1244117101,1,240700100017,2,19.98,11.40,40%
612,49,121117,9260104510,06/12/2011,06/12/2011,1244117109,1,240700400003,2,24.80,5.60,.
613,31,121121,9260128428,12/12/2011,12/12/2011,1244171290,1,240800100042,3,760.80,105.30,.
614,10,121092,9260129395,13/12/2011,13/12/2011,1244181114,1,240500200016,3,95.10,14.50,.
615,10,121092,9260129395,13/12/2011,13/12/2011,1244181114,1,240500200122,2,48.20,11.50,.
616,89,121118,9260116551,15/12/2011,15/12/2011,1244197366,1,240700200018,4,75.20,10.30,.
617,5,121040,9260114570,26/12/2011,26/12/2011,1244296274,1,220101400130,2,33.80,5.70,.
