1,63,121039,9260125492,11/01/2007,11/01/2007,1230058123,1,2.20E+11,1,16.5,7.45,.
2,5,99999999,9260114570,15/01/2007,19/01/2007,1230080101,2,2.30E+11,1,247.5,109.55,.
3,45,99999999,9260104847,20/01/2007,22/01/2007,1230106883,2,2.41E+11,1,28.3,8.55,.
4,41,120174,1600101527,28/01/2007,28/01/2007,1230147441,1,2.41E+11,2,32,6.5,.
5,183,120134,1600100760,27/02/2007,27/02/2007,1230315085,1,2.40E+11,3,63.6,8.8,.
6,79,99999999,9260101874,02/03/2007,03/03/2007,1230333319,2,2.40E+11,1,234.6,115.95,.
7,23,99999999,9260126679,03/03/2007,08/03/2007,1230338566,2,2.41E+11,1,35.4,16.15,.
8,23,99999999,9260126679,03/03/2007,08/03/2007,1230338566,2,2.41E+11,2,73.8,16.85,.
9,45,99999999,9260104847,09/03/2007,11/03/2007,1230371142,2,2.41E+11,2,127,28,.
10,45,99999999,9260104847,09/03/2007,11/03/2007,1230371142,2,2.41E+11,1,23.2,11.1,.
11,56,121059,9260111871,15/03/2007,15/03/2007,1230404278,1,2.20E+11,2,75,17.05,.
12,183,120149,1600100760,22/03/2007,22/03/2007,1230440481,1,2.30E+11,1,129.8,63.2,.
13,16,99999999,3940105865,24/03/2007,26/03/2007,1230450371,2,2.30E+11,2,128.4,32.2,.
14,79,99999999,9260101874,24/03/2007,25/03/2007,1230453723,2,2.41E+11,1,24.1,11.55,.
15,183,120134,1600100760,25/03/2007,25/03/2007,1230455630,1,2.40E+11,2,91.8,22.45,.
16,2788,99999999,9050100001,28/03/2007,30/03/2007,1230478006,2,2.30E+11,2,60.6,13.15,.
17,20,121066,9260118934,01/04/2007,01/04/2007,1230498538,1,2.30E+11,1,68.5,34.35,.
18,70046,99999999,2600100017,02/04/2007,03/04/2007,1230500669,3,2.40E+11,2,148.6,41.35,.
19,12386,99999999,4750100001,02/04/2007,03/04/2007,1230503155,2,2.20E+11,1,31.8,14.2,.
20,23,99999999,9260126679,18/04/2007,23/04/2007,1230591673,2,2.20E+11,3,178.5,32.25,.
21,36,99999999,9260128237,18/04/2007,20/04/2007,1230591675,3,2.41E+11,1,34.5,15.4,.
22,79,121045,9260101874,18/04/2007,18/04/2007,1230591684,1,2.40E+11,4,1796,246.55,.
23,61,99999999,3940108887,24/04/2007,29/04/2007,1230619748,2,2.20E+11,1,83,41.6,.
24,61,99999999,3940108887,24/04/2007,29/04/2007,1230619748,2,2.20E+11,3,345,52.35,.
25,13,99999999,3940105189,28/04/2007,03/05/2007,1230642273,2,2.30E+11,1,126.1,58.6,.
26,171,99999999,1600101555,01/05/2007,04/05/2007,1230657844,3,2.40E+11,1,109.9,46.8,.
27,11171,99999999,2600100032,07/05/2007,09/05/2007,1230690733,3,2.40E+11,2,282.4,69.4,.
28,14703,99999999,4750100002,08/05/2007,11/05/2007,1230699509,2,2.20E+11,1,102.1,48.65,.
29,14703,99999999,4750100002,08/05/2007,11/05/2007,1230699509,2,2.20E+11,1,81.3,40.75,.
30,79,99999999,9260101874,08/05/2007,09/05/2007,1230700421,2,2.30E+11,1,176,74.55,.
31,79,99999999,9260101874,08/05/2007,09/05/2007,1230700421,2,2.30E+11,2,2.6,0.6,.
32,79,99999999,9260101874,08/05/2007,09/05/2007,1230700421,2,2.30E+11,2,3.4,0.8,.
33,928,99999999,9050100016,15/05/2007,19/05/2007,1230738723,2,2.30E+11,2,237.2,59.4,.
34,19444,99999999,4750100001,16/05/2007,21/05/2007,1230744524,2,2.20E+11,1,99.7,47.45,.
35,19444,99999999,4750100001,16/05/2007,21/05/2007,1230744524,2,2.20E+11,1,17.7,8,.
36,71,121060,9260124130,16/05/2007,16/05/2007,1230745294,1,2.20E+11,1,134.5,67.35,.
37,12,121039,9260103713,18/05/2007,18/05/2007,1230754828,1,2.20E+11,3,68.4,11.5,.
38,12,121039,9260103713,18/05/2007,18/05/2007,1230754828,1,2.20E+11,4,268,29.8,.
39,544,99999999,9050100008,21/05/2007,22/05/2007,1230771337,2,2.30E+11,3,221.7,33.25,.
40,111,120148,1600102072,23/05/2007,23/05/2007,1230778996,1,2.30E+11,1,35.5,17.25,.
41,88,99999999,9260100179,25/05/2007,28/05/2007,1230793366,2,2.40E+11,3,1250.4,124.2,.
42,23,99999999,9260126679,27/05/2007,01/06/2007,1230804171,2,2.41E+11,3,148.5,20.65,.
43,71,121064,9260124130,31/05/2007,31/05/2007,1230825762,1,2.30E+11,2,265.6,55.85,.
44,23,99999999,9260126679,03/06/2007,08/06/2007,1230841456,2,2.41E+11,2,127.2,33.15,.
45,75,121094,9260108068,03/06/2007,03/06/2007,1230841466,1,2.41E+11,2,109.2,23.85,.
46,75,121094,9260108068,03/06/2007,03/06/2007,1230841466,1,2.41E+11,2,56,11.7,.
47,56,121043,9260111871,11/06/2007,11/06/2007,1230885738,1,2.20E+11,2,33,7.45,.
48,56,121043,9260111871,11/06/2007,11/06/2007,1230885738,1,2.20E+11,3,97.2,14.85,.
49,18,121086,9260112361,16/06/2007,16/06/2007,1230912536,1,2.41E+11,2,50.8,12.1,.
50,17023,99999999,2600100021,20/06/2007,25/06/2007,1230931366,3,2.40E+11,2,166.8,8.35,.
51,17023,99999999,2600100021,20/06/2007,25/06/2007,1230931366,3,2.40E+11,2,261.8,52.45,.
52,171,99999999,1600101555,03/07/2007,06/07/2007,1231002241,3,2.20E+11,1,52.3,22.65,.
53,70108,99999999,2600100046,04/07/2007,05/07/2007,1231008713,2,2.40E+11,2,42.4,8.8,.
54,2806,99999999,8010100089,04/07/2007,08/07/2007,1231014780,2,2.40E+11,4,1064,131.5,.
55,215,120145,1600102721,07/07/2007,07/07/2007,1231023774,1,2.30E+11,1,22.9,10.85,.
56,215,120145,1600102721,07/07/2007,07/07/2007,1231023774,1,2.30E+11,1,78.2,39.2,.
57,13,99999999,3940105189,09/07/2007,14/07/2007,1231035308,2,2.30E+11,2,146.8,36.8,.
58,36,99999999,9260128237,15/07/2007,17/07/2007,1231071449,3,2.40E+11,2,257,58.05,.
59,36,99999999,9260128237,15/07/2007,17/07/2007,1231071449,3,2.40E+11,2,27.6,6.3,.
60,12,121064,9260103713,16/07/2007,16/07/2007,1231077006,1,2.30E+11,2,193.8,40,.
61,61,99999999,3940108887,20/07/2007,25/07/2007,1231094514,2,2.30E+11,4,544,51.3,.
62,61,99999999,3940108887,20/07/2007,25/07/2007,1231094514,2,2.30E+11,2,259.6,63.2,.
63,79,121027,9260101874,27/07/2007,27/07/2007,1231135703,1,2.10E+11,2,92,16.05,.
64,79,121027,9260101874,27/07/2007,27/07/2007,1231135703,1,2.10E+11,2,39,8.95,.
65,31,121059,9260128428,02/08/2007,02/08/2007,1231169108,1,2.20E+11,3,220.2,36.65,.
66,215,120164,1600102721,04/08/2007,04/08/2007,1231176288,1,2.41E+11,2,45.4,10.85,.
67,111,99999999,1600102072,06/08/2007,08/08/2007,1231188317,2,2.20E+11,1,30.8,12.35,.
68,3959,99999999,8010100151,06/08/2007,07/08/2007,1231194004,3,2.40E+11,2,122,27.55,.
69,3959,99999999,8010100151,06/08/2007,07/08/2007,1231194004,3,2.40E+11,2,330,82.6,.
70,71,120732,9260124130,08/08/2007,08/08/2007,1231204878,1,2.30E+11,2,111.4,27.95,.
71,215,120134,1600102721,09/08/2007,09/08/2007,1231206746,1,2.40E+11,1,28.2,14.2,.
72,70187,99999999,2600100035,13/08/2007,18/08/2007,1231227910,2,2.40E+11,3,1266,42.2,.
73,20,121040,9260118934,13/08/2007,13/08/2007,1231231220,1,2.20E+11,2,145.2,33.1,.
74,45,121045,9260104847,18/08/2007,18/08/2007,1231259703,1,2.40E+11,3,420.9,72,.
75,52,99999999,9260116235,20/08/2007,26/08/2007,1231270767,3,2.30E+11,2,168.2,42.15,.
76,12,121037,9260103713,24/08/2007,24/08/2007,1231292064,1,2.20E+11,3,96.3,14.7,.
77,12,121037,9260103713,24/08/2007,24/08/2007,1231292064,1,2.20E+11,2,91.2,20.85,.
78,16,99999999,3940105865,27/08/2007,04/09/2007,1231305521,2,2.20E+11,2,125.2,31.4,.
79,16,99999999,3940105865,27/08/2007,29/08/2007,1231305531,2,2.20E+11,2,177.2,44.4,.
80,20,121109,9260118934,28/08/2007,28/08/2007,1231314893,1,2.41E+11,2,32,6.35,.
81,2806,99999999,8010100089,28/08/2007,01/09/2007,1231316727,2,2.40E+11,2,224.6,68.6,.
82,2806,99999999,8010100089,28/08/2007,01/09/2007,1231316727,2,2.40E+11,2,330,82.6,.
83,61,99999999,3940108887,29/08/2007,03/09/2007,1231317443,2,2.30E+11,2,440,135,.
84,71,121057,9260124130,02/09/2007,02/09/2007,1231341359,1,2.20E+11,2,132.8,30.25,.
85,36,99999999,9260128237,11/09/2007,13/09/2007,1231392762,3,2.30E+11,2,146.8,36.8,.
86,36,99999999,9260128237,15/09/2007,17/09/2007,1231414059,3,2.41E+11,1,150.25,60.1,.
87,70046,99999999,2600100017,23/09/2007,24/09/2007,1231453831,3,2.40E+11,1,99.7,51.4,.
88,70046,99999999,2600100017,23/09/2007,24/09/2007,1231453831,3,2.40E+11,1,24,10.55,.
89,52,121044,9260116235,25/09/2007,30/09/2007,1231468750,1,2.20E+11,1,50,25.1,.
90,19444,99999999,4750100001,01/10/2007,06/10/2007,1231500373,2,2.20E+11,1,52.2,20.95,.
91,88,121043,9260100179,01/10/2007,01/10/2007,1231501254,1,2.20E+11,1,106.1,50.5,.
92,52,99999999,9260116235,05/10/2007,11/10/2007,1231522431,3,2.40E+11,1,34.7,13.8,.
93,14703,99999999,4750100002,09/10/2007,12/10/2007,1231544990,2,2.20E+11,1,24.8,12.35,.
94,70108,99999999,2600100046,22/10/2007,23/10/2007,1231614059,2,2.20E+11,1,55.9,24.2,.
95,61,99999999,3940108887,23/10/2007,28/10/2007,1231619928,2,2.30E+11,1,103.2,50.4,.
96,11,99999999,3940108592,29/10/2007,03/11/2007,1231653765,3,2.30E+11,1,72.7,35.2,.
97,63,121061,9260125492,29/10/2007,02/11/2007,1231657078,1,2.20E+11,1,84.2,38.35,.
98,5,121025,9260114570,30/10/2007,30/10/2007,1231663230,1,2.40E+11,1,3,1.15,.
99,544,99999999,9050100008,12/11/2007,13/11/2007,1231734609,2,2.30E+11,1,191,80.45,.
100,1033,99999999,9050100001,12/11/2007,16/11/2007,1231734615,3,2.30E+11,1,129.8,63.2,.
101,17,121037,9260123306,16/11/2007,16/11/2007,1231757107,1,2.20E+11,1,84.1,42.15,.
102,14703,99999999,4750100002,19/11/2007,22/11/2007,1231773634,2,2.20E+11,2,45.6,10.45,.
103,71,121025,9260124130,20/11/2007,20/11/2007,1231780610,1,2.40E+11,1,219.9,109.9,.
104,5,99999999,9260114570,01/12/2007,03/12/2007,1231842118,2,2.41E+11,2,43.98,7.25,.
105,45,121060,9260104847,04/12/2007,04/12/2007,1231858937,1,2.20E+11,2,128.6,28.65,.
106,70187,99999999,2600100035,05/12/2007,10/12/2007,1231861295,2,2.40E+11,2,53.2,11.95,.
107,71,121043,9260124130,10/12/2007,10/12/2007,1231891098,1,2.20E+11,2,65.6,15,.
108,88,120733,9260100179,11/12/2007,11/12/2007,1231896710,1,2.30E+11,1,93.8,39.05,.
109,183,120127,1600100760,12/12/2007,12/12/2007,1231898348,1,2.20E+11,4,240.8,27.4,.
110,215,120132,1600102721,14/12/2007,14/12/2007,1231908237,1,2.40E+11,2,243.2,62.9,.
111,17,121020,9260123306,17/12/2007,17/12/2007,1231928627,1,2.40E+11,1,175.9,127.95,.
112,111,120127,1600102072,18/12/2007,18/12/2007,1231930216,1,2.20E+11,4,342.8,34.35,.
113,111,120127,1600102072,19/12/2007,19/12/2007,1231936241,1,2.20E+11,2,22.2,5,.
114,5,99999999,9260114570,21/12/2007,23/12/2007,1231950921,2,2.30E+11,2,265.6,55.85,.
115,5,99999999,9260114570,21/12/2007,23/12/2007,1231950921,2,2.30E+11,1,86.3,41.4,.
116,111,99999999,1600102072,22/12/2007,24/12/2007,1231952752,2,2.20E+11,2,105.8,26.55,.
117,70210,99999999,2600100015,22/12/2007,23/12/2007,1231953192,3,2.40E+11,2,199.4,51.4,.
118,5,121037,9260114570,22/12/2007,22/12/2007,1231956902,1,2.20E+11,2,136.8,31.2,.
119,19,99999999,3940106547,26/12/2007,30/12/2007,1231976710,3,2.40E+11,4,56.4,6.05,.
120,19,99999999,3940106547,26/12/2007,30/12/2007,1231976710,3,2.40E+11,2,1200.2,300,.
121,183,120158,1600100760,27/12/2007,27/12/2007,1231982684,1,2.40E+11,3,107.1,14.35,.
122,195,120148,1600101663,28/12/2007,28/12/2007,1231986335,1,2.30E+11,1,38,16.8,.
123,70046,99999999,2600100017,31/12/2007,01/01/2008,1232003930,3,2.40E+11,2,49,12.35,.
124,5,99999999,9260114570,31/12/2007,04/01/2008,1232007693,2,2.40E+11,1,353.6,174.75,.
125,5,99999999,9260114570,31/12/2007,04/01/2008,1232007693,2,2.40E+11,1,421.2,212.95,.
126,45,121066,9260104847,31/12/2007,31/12/2007,1232007700,1,2.30E+11,2,249.6,53.6,.
127,45,121066,9260104847,31/12/2007,31/12/2007,1232007700,1,2.30E+11,2,398.2,95.65,.
128,45,121066,9260104847,31/12/2007,31/12/2007,1232007700,1,2.30E+11,1,8,3.5,.
129,53,120143,1600103258,13/01/2008,13/01/2008,1232087464,1,2.30E+11,4,336.4,42.15,.
130,49,121039,9260104510,13/01/2008,13/01/2008,1232092527,1,2.20E+11,1,6.5,2.6,.
131,49,121039,9260104510,13/01/2008,13/01/2008,1232092527,1,2.20E+11,1,88.4,35.45,.
132,49,121039,9260104510,13/01/2008,13/01/2008,1232092527,1,2.20E+11,1,28.2,12.9,.
133,34,121040,9260111379,23/01/2008,23/01/2008,1232161564,1,2.20E+11,1,101.3,50.75,.
134,2618,99999999,8010100125,25/01/2008,30/01/2008,1232173841,3,2.40E+11,1,28,11.55,.
135,2618,99999999,8010100125,25/01/2008,30/01/2008,1232173841,3,2.40E+11,1,248.3,122.75,.
136,89,99999999,9260116551,01/02/2008,04/02/2008,1232217725,2,2.30E+11,2,283.4,61,.
137,195,120150,1600101663,05/02/2008,05/02/2008,1232240447,1,2.30E+11,2,77.6,16.65,.
138,70046,99999999,2600100017,05/02/2008,06/02/2008,1232241009,3,2.40E+11,1,22.2,9.2,.
139,171,120148,1600101555,15/02/2008,15/02/2008,1232307056,1,2.30E+11,2,146,30.35,.
140,20,121039,9260118934,15/02/2008,15/02/2008,1232311932,1,2.20E+11,2,206,42.4,.
141,23,99999999,9260126679,18/02/2008,22/02/2008,1232331499,2,2.30E+11,2,369.8,78.15,.
142,13,99999999,3940105189,25/02/2008,28/02/2008,1232373481,2,2.20E+11,1,165.5,82.85,.
143,4,99999999,9260106519,02/03/2008,03/03/2008,1232410925,3,2.41E+11,1,47.7,18.8,.
144,4,121100,9260106519,09/03/2008,09/03/2008,1232455720,1,2.41E+11,1,53,23.25,.
145,70201,99999999,2600100012,19/03/2008,24/03/2008,1232517885,3,2.40E+11,1,183.9,86.65,.
146,4,99999999,9260106519,20/03/2008,21/03/2008,1232530384,3,2.41E+11,1,16.9,8.6,.
147,49,121037,9260104510,20/03/2008,20/03/2008,1232530393,1,2.20E+11,1,33.4,16.8,.
148,49,121037,9260104510,20/03/2008,20/03/2008,1232530393,1,2.20E+11,1,63.9,32.05,.
149,49,121037,9260104510,20/03/2008,20/03/2008,1232530393,1,2.20E+11,1,35.6,16.7,.
150,92,121068,9260117676,24/03/2008,24/03/2008,1232554759,1,2.30E+11,1,84.1,42.15,.
151,195,120160,1600101663,30/03/2008,30/03/2008,1232590052,1,2.40E+11,1,51.8,21.6,.
152,195,120160,1600101663,30/03/2008,30/03/2008,1232590052,1,2.40E+11,1,19.1,7.7,.
153,89,99999999,9260116551,31/03/2008,03/04/2008,1232601472,2,2.30E+11,2,173.2,34.1,.
154,54655,99999999,2600100013,03/04/2008,06/04/2008,1232618023,2,2.40E+11,1,95.7,47.95,.
155,49,121031,9260104510,07/04/2008,15/04/2008,1232648239,1,2.10E+11,1,6.5,2.3,.
156,4,99999999,9260106519,08/04/2008,09/04/2008,1232654929,3,2.41E+11,4,214,23.75,.
157,4,99999999,9260106519,08/04/2008,09/04/2008,1232654929,3,2.41E+11,1,58.9,26.1,.
158,11171,99999999,2600100032,11/04/2008,13/04/2008,1232672914,3,2.40E+11,2,38.8,10.2,.
159,11171,99999999,2600100032,11/04/2008,13/04/2008,1232672914,3,2.40E+11,2,271.4,13,.
160,9,99999999,3940106659,15/04/2008,20/04/2008,1232698281,3,2.30E+11,1,29.4,14.15,.
161,4,121041,9260106519,16/04/2008,16/04/2008,1232709099,1,2.20E+11,1,16.7,7.75,.
162,34,121105,9260111379,16/04/2008,16/04/2008,1232709115,1,2.41E+11,3,70.8,12.3,.
163,41,99999999,1600101527,19/04/2008,23/04/2008,1232723799,3,2.10E+11,1,21.8,9.25,.
164,5,99999999,9260114570,19/04/2008,23/04/2008,1232728634,2,2.40E+11,1,168.7,76.55,.
165,215,120151,1600102721,27/04/2008,27/04/2008,1232777080,1,2.30E+11,1,73.9,33.25,.
166,215,120151,1600102721,27/04/2008,27/04/2008,1232777080,1,2.30E+11,1,73.4,36.8,.
167,195,120143,1600101663,29/04/2008,29/04/2008,1232790793,1,2.30E+11,1,50.1,24.5,.
168,45,99999999,9260104847,08/05/2008,12/05/2008,1232857157,2,2.30E+11,2,172.6,41.4,.
169,908,99999999,9050100023,13/05/2008,17/05/2008,1232889267,2,2.30E+11,3,407.4,61.8,.
170,34,121021,9260111379,14/05/2008,14/05/2008,1232897220,1,2.40E+11,3,712.2,111,.
171,544,99999999,9050100008,20/05/2008,21/05/2008,1232936635,2,2.30E+11,2,172.6,41.4,.
172,111,99999999,1600102072,22/05/2008,24/05/2008,1232946301,2,2.20E+11,2,102,23.3,.
173,52,99999999,9260116235,23/05/2008,24/05/2008,1232956741,3,2.30E+11,2,76,16.8,.
174,171,120145,1600101555,26/05/2008,26/05/2008,1232972274,1,2.30E+11,1,135.8,61.8,.
175,171,120145,1600101555,26/05/2008,26/05/2008,1232972274,1,2.30E+11,1,8,3.5,.
176,183,120122,1600100760,28/05/2008,28/05/2008,1232985693,1,2.40E+11,1,273,122.8,.
177,4,121109,9260106519,29/05/2008,29/05/2008,1232998740,1,2.41E+11,3,80.97,10.23,.
178,34,121025,9260111379,30/05/2008,30/05/2008,1233003688,1,2.40E+11,1,28.6,12.95,.
179,14104,99999999,4750100001,06/06/2008,09/06/2008,1233049735,3,2.20E+11,2,48.8,11.2,.
180,215,120148,1600102721,09/06/2008,09/06/2008,1233066745,1,2.30E+11,1,84.1,42.15,.
181,49,121060,9260104510,10/06/2008,10/06/2008,1233078086,1,2.20E+11,2,200.2,43.5,.
182,12,121054,9260103713,12/06/2008,12/06/2008,1233092596,1,2.40E+11,1,15.5,6.7,.
183,45,121084,9260104847,18/06/2008,18/06/2008,1233131266,1,2.40E+11,2,39.2,7.9,.
184,171,120121,1600101555,24/06/2008,24/06/2008,1233166411,1,2.40E+11,1,10.1,4.15,.
185,70187,99999999,2600100035,24/06/2008,29/06/2008,1233167161,2,2.40E+11,2,237,52.55,.
186,49,121109,9260104510,05/07/2008,05/07/2008,1233243603,1,2.41E+11,2,8.4,2.2,.
187,19444,99999999,4750100001,06/07/2008,11/07/2008,1233248920,2,2.20E+11,2,171.2,36.35,.
188,19444,99999999,4750100001,06/07/2008,11/07/2008,1233248920,2,2.20E+11,3,37.8,5.85,.
189,75,121029,9260108068,09/07/2008,09/07/2008,1233270605,1,2.10E+11,2,75.2,17,.
190,70059,99999999,2600100047,11/07/2008,15/07/2008,1233280857,3,2.20E+11,3,173.7,29.05,.
191,5,121053,9260114570,16/07/2008,16/07/2008,1233315988,1,2.40E+11,1,87.2,39.7,.
192,5,121053,9260114570,16/07/2008,16/07/2008,1233315988,1,2.40E+11,1,138,60.1,.
193,13,99999999,3940105189,26/07/2008,29/07/2008,1233378724,2,2.40E+11,1,14.1,6.9,.
194,34,121105,9260111379,10/08/2008,10/08/2008,1233482761,1,2.41E+11,2,38.8,10.35,.
195,2550,99999999,8010100009,10/08/2008,15/08/2008,1233484749,3,2.40E+11,2,503.6,125.85,.
196,2550,99999999,8010100009,10/08/2008,15/08/2008,1233484749,3,2.40E+11,3,272.7,45.4,.
197,70201,99999999,2600100012,15/08/2008,20/08/2008,1233514453,3,2.40E+11,3,553.5,73.85,.
198,215,120123,1600102721,18/08/2008,18/08/2008,1233531965,1,2.40E+11,1,114,54.8,.
199,4,99999999,9260106519,19/08/2008,20/08/2008,1233543560,3,2.41E+11,3,201.9,28,.
200,41,120134,1600101527,20/08/2008,20/08/2008,1233545775,1,2.40E+11,2,49.4,11.8,.
201,41,120134,1600101527,20/08/2008,20/08/2008,1233545775,1,2.40E+11,1,189.6,100.6,.
202,215,120150,1600102721,20/08/2008,20/08/2008,1233545781,1,2.30E+11,1,6.2,2.85,.
203,89,99999999,9260116551,27/08/2008,30/08/2008,1233597637,2,2.41E+11,2,67.2,14.65,.
204,215,120177,1600102721,31/08/2008,31/08/2008,1233618453,1,2.41E+11,1,73.4,38.25,.
205,5,99999999,9260114570,09/09/2008,13/09/2008,1233682051,2,2.40E+11,1,43.4,18.65,.
206,49,121053,9260104510,10/09/2008,10/09/2008,1233689304,1,2.40E+11,3,1514.4,229.65,.
207,195,120148,1600101663,03/10/2008,03/10/2008,1233837302,1,2.30E+11,4,990,109.55,.
208,195,120148,1600101663,03/10/2008,03/10/2008,1233837302,1,2.30E+11,3,309.6,50.4,.
209,111,99999999,1600102072,12/10/2008,14/10/2008,1233895201,2,2.20E+11,1,25.6,12.9,.
210,111,99999999,1600102072,12/10/2008,14/10/2008,1233895201,2,2.20E+11,2,113.8,25.95,.
211,544,99999999,9050100008,14/10/2008,15/10/2008,1233913196,2,2.30E+11,1,29.3,11.75,.
212,34,121030,9260111379,15/10/2008,15/10/2008,1233920786,1,2.10E+11,1,38,19.1,.
213,34,121030,9260111379,15/10/2008,15/10/2008,1233920786,1,2.10E+11,1,41.6,20.9,.
214,52,121135,9260116235,15/10/2008,15/10/2008,1233920795,1,2.41E+11,1,120.4,48.1,.
215,52,121064,9260116235,15/10/2008,15/10/2008,1233920805,1,2.30E+11,1,8,3.5,.
216,19873,99999999,4750100001,27/10/2008,03/11/2008,1233998114,2,2.20E+11,1,59.7,29.95,.
217,19873,99999999,4750100001,27/10/2008,03/11/2008,1233998114,2,2.20E+11,1,98.9,47.7,.
218,92,121039,9260117676,01/11/2008,01/11/2008,1234033037,1,2.20E+11,1,53.7,22.75,.
219,75,121069,9260108068,10/11/2008,10/11/2008,1234092222,1,2.30E+11,1,7.2,3.1,.
220,195,120123,1600101663,17/11/2008,17/11/2008,1234133789,1,2.40E+11,1,328.3,165.95,.
221,53,120121,1600103258,25/11/2008,25/11/2008,1234186330,1,2.40E+11,1,200.1,97.75,.
222,49,121035,9260104510,26/11/2008,26/11/2008,1234198497,1,2.10E+11,1,39,17.35,.
223,54655,99999999,2600100013,02/12/2008,05/12/2008,1234235150,2,2.40E+11,2,369,73.85,.
224,49,121042,9260104510,03/12/2008,03/12/2008,1234247283,1,2.20E+11,2,187.2,40.75,.
225,17,121135,9260123306,04/12/2008,04/12/2008,1234255111,1,2.41E+11,3,257.4,39.9,.
226,23,99999999,9260126679,08/12/2008,12/12/2008,1234279341,2,2.30E+11,1,116.7,48.6,.
227,92,121109,9260117676,11/12/2008,11/12/2008,1234301319,1,2.41E+11,4,105.6,10.1,.
228,70210,99999999,2600100015,15/12/2008,16/12/2008,1234323012,3,2.40E+11,2,29.2,6.75,.
229,70210,99999999,2600100015,15/12/2008,16/12/2008,1234323012,3,2.40E+11,2,39,10.3,.
230,70210,99999999,2600100015,15/12/2008,16/12/2008,1234323012,3,2.40E+11,2,196,39.3,.
231,4,121069,9260106519,18/12/2008,18/12/2008,1234348668,1,2.30E+11,2,92.6,20.9,.
232,17,121071,9260123306,20/12/2008,20/12/2008,1234360543,1,2.30E+11,2,110.2,25.4,.
233,12,121069,9260103713,22/12/2008,22/12/2008,1234373539,1,2.30E+11,2,226.2,58.9,.
234,111,120123,1600102072,29/12/2008,29/12/2008,1234414529,1,2.40E+11,2,90.4,18.15,.
235,111,120123,1600102072,29/12/2008,29/12/2008,1234414529,1,2.40E+11,2,181.8,45.4,.
236,17,121109,9260123306,29/12/2008,29/12/2008,1234419240,1,2.41E+11,5,119.95,9.75,.
237,195,120150,1600101663,02/01/2009,02/01/2009,1234437760,1,2.30E+11,2,193.4,48.45,.
238,36,99999999,9260128237,11/01/2009,14/01/2009,1234534069,3,2.41E+11,4,525.2,58.55,.
239,183,120121,1600100760,12/01/2009,12/01/2009,1234537441,1,2.40E+11,1,16,6.35,.
240,16,99999999,3940105865,12/01/2009,14/01/2009,1234538390,2,2.20E+11,1,115,52.4,.
241,16,99999999,3940105865,17/01/2009,19/01/2009,1234588648,2,2.30E+11,1,138.7,62.5,.
242,16,99999999,3940105865,17/01/2009,19/01/2009,1234588648,2,2.30E+11,1,76.1,38.15,.
243,16,99999999,3940105865,24/01/2009,26/01/2009,1234659163,2,2.30E+11,1,504.2,245.8,.
244,63,99999999,9260125492,24/01/2009,25/01/2009,1234665265,2,2.40E+11,2,48.4,9.75,.
245,171,99999999,1600101555,29/01/2009,02/02/2009,1234709803,3,2.20E+11,2,122.6,30.75,.
246,183,120179,1600100760,31/01/2009,31/01/2009,1234727966,1,2.41E+11,1,13.2,5.95,.
247,70221,99999999,2600100019,16/02/2009,18/02/2009,1234891576,3,2.40E+11,1,183.9,86.65,.
248,18,121021,9260112361,16/02/2009,16/02/2009,1234897732,1,2.40E+11,1,197.9,84.9,.
249,24,99999999,9260115784,22/02/2009,27/02/2009,1234958242,2,2.30E+11,1,11.9,5.4,.
250,16,99999999,3940105865,24/02/2009,26/02/2009,1234972570,2,2.30E+11,1,68.7,34.45,.
251,11171,99999999,2600100032,15/03/2009,17/03/2009,1235176942,3,2.40E+11,1,2.7,1.2,.
252,11171,99999999,2600100032,15/03/2009,17/03/2009,1235176942,3,2.40E+11,1,16.2,7.9,.
253,215,120160,1600102721,21/03/2009,21/03/2009,1235236723,1,2.40E+11,1,254.2,115.6,.
254,89,121043,9260116551,24/03/2009,24/03/2009,1235275513,1,2.20E+11,1,29.7,14.95,.
255,111,120122,1600102072,28/03/2009,28/03/2009,1235306679,1,2.40E+11,1,55.4,22.8,.
256,63,121109,9260125492,04/04/2009,04/04/2009,1235384426,1,2.41E+11,1,21.99,9.1,.
257,16,99999999,3940105865,25/04/2009,27/04/2009,1235591214,2,2.40E+11,1,93.4,38.95,.
258,16,99999999,3940105865,25/04/2009,27/04/2009,1235591214,2,2.40E+11,1,55.5,25.1,.
259,16,99999999,3940105865,27/04/2009,29/04/2009,1235611754,2,2.40E+11,2,71.4,14.35,.
260,16,99999999,3940105865,27/04/2009,29/04/2009,1235611754,2,2.40E+11,2,38.2,7.7,.
261,16,99999999,3940105865,10/05/2009,12/05/2009,1235744141,2,2.30E+11,2,146,30.35,.
262,16,99999999,3940105865,10/05/2009,12/05/2009,1235744141,2,2.30E+11,3,1687.5,287.1,.
263,24,99999999,9260115784,18/05/2009,24/05/2009,1235830338,2,2.20E+11,1,92,46.1,.
264,24,99999999,9260115784,18/05/2009,24/05/2009,1235830338,2,2.20E+11,1,145.9,66.35,.
265,171,120127,1600101555,21/05/2009,21/05/2009,1235856852,1,2.20E+11,1,27.7,13.95,.
266,171,120127,1600101555,21/05/2009,21/05/2009,1235856852,1,2.20E+11,1,13.1,5.9,.
267,36,99999999,9260128237,23/05/2009,26/05/2009,1235881915,3,2.41E+11,2,26.4,5.95,.
268,49,121040,9260104510,26/05/2009,26/05/2009,1235913793,1,2.20E+11,1,26.7,11.6,.
269,79,99999999,9260101874,27/05/2009,03/06/2009,1235926178,3,2.10E+11,2,36,7.05,.
270,12386,99999999,4750100001,31/05/2009,01/06/2009,1235963427,2,2.20E+11,3,313.8,49.8,.
271,12386,99999999,4750100001,31/05/2009,01/06/2009,1235963427,2,2.20E+11,1,31.4,12.55,.
272,183,120127,1600100760,06/06/2009,06/06/2009,1236017640,1,2.20E+11,1,57.7,25.7,.
273,9,99999999,3940106659,07/06/2009,12/06/2009,1236028541,3,2.30E+11,2,16,3.5,.
274,10,121136,9260129395,09/06/2009,09/06/2009,1236055696,1,2.41E+11,1,292.5,121.75,.
275,908,99999999,9050100023,10/06/2009,14/06/2009,1236066649,2,2.30E+11,1,46.7,18.75,.
276,36,99999999,9260128237,15/06/2009,18/06/2009,1236113431,3,2.30E+11,2,25.8,5.45,.
277,26148,99999999,2600100010,17/06/2009,19/06/2009,1236128445,2,2.40E+11,2,174.4,44.95,.
278,16,99999999,3940105865,17/06/2009,19/06/2009,1236128456,2,2.30E+11,2,16.8,3.45,.
279,16,99999999,3940105865,17/06/2009,19/06/2009,1236128456,2,2.30E+11,2,154,38.6,.
280,23,99999999,9260126679,22/06/2009,27/06/2009,1236183578,2,2.41E+11,2,110.4,24.5,.
281,23,99999999,9260126679,22/06/2009,27/06/2009,1236183578,2,2.41E+11,3,28.5,4.55,.
282,41,120131,1600101527,26/06/2009,26/06/2009,1236216065,1,2.40E+11,1,175.5,89.55,.
283,92,121051,9260117676,08/07/2009,08/07/2009,1236349115,1,2.40E+11,4,396,49.6,.
284,92,121051,9260117676,08/07/2009,08/07/2009,1236349115,1,2.40E+11,2,250.8,12.5,.
285,111,120123,1600102072,11/07/2009,11/07/2009,1236369939,1,2.40E+11,1,191.6,87.4,.
286,111,120123,1600102072,11/07/2009,11/07/2009,1236369939,1,2.40E+11,1,231,113.65,.
287,70108,99999999,2600100046,22/07/2009,02/08/2009,1236483576,2,2.40E+11,4,74.8,10,.
288,9,99999999,3940106659,10/08/2009,15/08/2009,1236673732,3,2.30E+11,3,1542.6,250.7,.
289,9,99999999,3940106659,10/08/2009,15/08/2009,1236673732,3,2.30E+11,2,550.2,113.45,.
290,70221,99999999,2600100019,12/08/2009,14/08/2009,1236694462,3,2.40E+11,2,82.4,19.9,.
291,34,121027,9260111379,12/08/2009,12/08/2009,1236701935,1,2.10E+11,2,43.8,11.05,.
292,183,120136,1600100760,21/08/2009,21/08/2009,1236783056,1,2.40E+11,2,183.6,41.7,.
293,183,120136,1600100760,21/08/2009,21/08/2009,1236783056,1,2.40E+11,3,1561.8,237.05,.
294,215,120170,1600102721,28/08/2009,28/08/2009,1236852196,1,2.41E+11,1,55.3,21.9,.
295,3959,99999999,8010100151,03/09/2009,04/09/2009,1236923123,3,2.40E+11,1,3.7,1.3,.
296,70165,99999999,2600100006,08/09/2009,18/09/2009,1236965430,3,2.40E+11,2,27,6.65,.
297,79,99999999,9260101874,27/09/2009,08/10/2009,1237165927,3,2.41E+11,2,76.8,17.1,.
298,111,120143,1600102072,03/10/2009,03/10/2009,1237218771,1,2.30E+11,1,26.1,11.9,.
299,195,120124,1600101663,08/10/2009,08/10/2009,1237272696,1,2.40E+11,2,186.6,39.95,.
300,195,120124,1600101663,08/10/2009,08/10/2009,1237272696,1,2.40E+11,2,338.8,84.85,.
301,10,121043,9260129395,13/10/2009,13/10/2009,1237327705,1,2.20E+11,1,52.9,26.55,.
302,10,121043,9260129395,13/10/2009,13/10/2009,1237327705,1,2.20E+11,1,37.3,18.75,.
303,2618,99999999,8010100125,13/10/2009,18/10/2009,1237331045,3,2.40E+11,1,16.3,7.8,.
304,41,120145,1600101527,18/10/2009,18/10/2009,1237370327,1,2.30E+11,1,88.5,42.45,.
305,171,99999999,1600101555,26/10/2009,30/10/2009,1237450174,3,2.20E+11,2,77.2,18.35,.
306,171,99999999,1600101555,26/10/2009,30/10/2009,1237450174,3,2.20E+11,1,11.9,4.8,.
307,908,99999999,9050100023,28/10/2009,01/11/2009,1237478988,2,2.30E+11,1,99.9,50.05,.
308,1100,99999999,9050100008,31/10/2009,02/11/2009,1237507462,2,2.30E+11,3,51,6.6,.
309,1100,99999999,9050100008,31/10/2009,02/11/2009,1237507462,2,2.30E+11,1,568.1,289.95,.
310,79,121081,9260101874,01/11/2009,01/11/2009,1237517484,1,2.40E+11,1,54.3,22.6,.
311,65,99999999,3940100176,16/11/2009,22/11/2009,1237664026,3,2.30E+11,1,99.9,50.05,.
312,10,99999999,9260129395,16/11/2009,21/11/2009,1237670443,2,2.41E+11,1,74.8,34,.
313,53,120190,1600103258,19/11/2009,19/11/2009,1237695520,1,2.20E+11,3,240,39.45,.
314,10,99999999,9260129395,24/11/2009,29/11/2009,1237751376,2,2.40E+11,1,279.3,138.1,.
315,56,121027,9260111871,28/11/2009,28/11/2009,1237789102,1,2.10E+11,1,50.4,25.3,.
316,9,99999999,3940106659,02/12/2009,07/12/2009,1237825036,3,2.40E+11,2,39.2,7.9,.
317,5,121041,9260114570,08/12/2009,08/12/2009,1237890730,1,2.20E+11,2,74.2,16.55,.
318,5,121041,9260114570,08/12/2009,08/12/2009,1237890730,1,2.20E+11,4,50.4,5.85,.
319,29,99999999,1600103020,09/12/2009,14/12/2009,1237894107,2,2.20E+11,2,119,29.85,.
320,70187,99999999,2600100035,09/12/2009,14/12/2009,1237894966,2,2.40E+11,2,19.98,6.65,30%
321,23,99999999,9260126679,12/12/2009,17/12/2009,1237928021,2,2.41E+11,3,949.8,126.7,.
322,23,99999999,9260126679,12/12/2009,17/12/2009,1237928021,2,2.41E+11,3,164.4,23.75,.
323,41,120158,1600101527,17/12/2009,17/12/2009,1237974997,1,2.40E+11,3,162.9,22.6,.
324,36,99999999,9260128237,18/12/2009,21/12/2009,1237989406,3,2.30E+11,2,318.2,67.4,.
325,46966,99999999,2600100011,21/12/2009,22/12/2009,1238013821,3,2.40E+11,3,312,41.65,.
326,9,99999999,3940106659,25/12/2009,30/12/2009,1238053337,3,2.30E+11,1,514.2,250.7,.
327,41,99999999,1600101527,06/01/2010,10/01/2010,1238161695,2,2.40E+11,2,17,3.3,.
328,63,121064,9260125492,06/01/2010,06/01/2010,1238168538,1,2.30E+11,1,46.9,20.2,.
329,10,121106,9260129395,14/01/2010,14/01/2010,1238231237,1,2.41E+11,1,19.6,10.55,.
330,88,121039,9260100179,17/01/2010,17/01/2010,1238255107,1,2.20E+11,1,38.7,19.45,.
331,215,120127,1600102721,20/01/2010,20/01/2010,1238273927,1,2.20E+11,3,170.7,24.1,.
332,70210,99999999,2600100015,24/01/2010,25/01/2010,1238305578,3,2.40E+11,1,16.2,7.9,.
333,52,121025,9260116235,25/01/2010,25/01/2010,1238319276,1,2.40E+11,1,8.9,4.1,.
334,89,121106,9260116551,25/01/2010,25/01/2010,1238319281,1,2.41E+11,1,22.85,9.3,.
335,111,120127,1600102072,30/01/2010,30/01/2010,1238353296,1,2.20E+11,2,67.2,14.95,.
336,111,120127,1600102072,30/01/2010,30/01/2010,1238353296,1,2.20E+11,3,140.1,23.45,.
337,31,121044,9260128428,31/01/2010,31/01/2010,1238367238,1,2.20E+11,1,38.6,18.35,.
338,19,99999999,3940106547,01/02/2010,06/02/2010,1238370259,3,2.30E+11,1,96.7,48.45,.
339,41,120151,1600101527,02/02/2010,02/02/2010,1238377562,1,2.30E+11,2,154,38.6,.
340,10,121073,9260129395,03/02/2010,03/02/2010,1238393448,1,2.30E+11,1,86.6,34.1,.
341,19,99999999,3940106547,08/02/2010,13/02/2010,1238426415,3,2.30E+11,1,283.3,116.85,.
342,52,121042,9260116235,09/02/2010,09/02/2010,1238440880,1,2.20E+11,1,52.2,26.2,.
343,50,99999999,3940105781,14/02/2010,15/02/2010,1238474357,2,2.30E+11,2,566.6,116.85,.
344,71,121054,9260124130,18/02/2010,18/02/2010,1238510159,1,2.40E+11,1,48.7,18.15,.
345,71,121054,9260124130,18/02/2010,18/02/2010,1238510159,1,2.40E+11,1,54.1,23,.
346,19,99999999,3940106547,24/02/2010,01/03/2010,1238553101,3,2.40E+11,1,217,90.4,.
347,88,121033,9260100179,02/03/2010,02/03/2010,1238605995,1,2.10E+11,1,47.9,20.9,.
348,88,121023,9260100179,06/03/2010,06/03/2010,1238637449,1,2.40E+11,1,419,209.45,.
349,12,121069,9260103713,07/03/2010,07/03/2010,1238646479,1,2.30E+11,1,56.7,27.25,.
350,90,121072,9260111614,07/03/2010,07/03/2010,1238646484,1,2.30E+11,1,24.8,5,.
351,53,120121,1600103258,11/03/2010,11/03/2010,1238674844,1,2.40E+11,1,48.3,19.25,.
352,12,121051,9260103713,11/03/2010,11/03/2010,1238678581,1,2.40E+11,1,109.3,56.6,.
353,12,121051,9260103713,11/03/2010,11/03/2010,1238678581,1,2.40E+11,2,187.6,9.4,.
354,10,121044,9260129395,12/03/2010,12/03/2010,1238686430,1,2.20E+11,1,40.6,18.05,.
355,2806,99999999,8010100089,13/03/2010,17/03/2010,1238696385,2,2.40E+11,2,36.2,7.7,.
356,53,120127,1600103258,16/03/2010,16/03/2010,1238712056,1,2.20E+11,1,97.6,48.9,.
357,53,120127,1600103258,16/03/2010,16/03/2010,1238712056,1,2.20E+11,1,186.8,89.1,.
358,195,120177,1600101663,19/03/2010,19/03/2010,1238735750,1,2.41E+11,2,155.6,40.5,.
359,928,99999999,9050100016,26/03/2010,30/03/2010,1238797437,2,2.30E+11,2,767.8,176.05,.
360,52,121024,9260116235,27/03/2010,27/03/2010,1238805678,1,2.40E+11,1,92.8,39.85,.
361,52,121024,9260116235,27/03/2010,27/03/2010,1238805678,1,2.40E+11,1,229.1,113.25,.
362,89,121039,9260116551,27/03/2010,27/03/2010,1238805703,1,2.20E+11,1,59.4,27.05,.
363,14703,99999999,4750100002,28/03/2010,31/03/2010,1238812262,2,2.20E+11,1,96.3,48.25,.
364,14703,99999999,4750100002,28/03/2010,31/03/2010,1238812262,2,2.20E+11,1,51.8,23.65,.
365,88,121056,9260100179,01/04/2010,01/04/2010,1238846184,1,2.20E+11,1,62.6,31.4,.
366,70187,99999999,2600100035,03/04/2010,08/04/2010,1238856867,2,2.20E+11,1,17.7,8,.
367,39,121105,9260123099,04/04/2010,04/04/2010,1238870441,1,2.41E+11,1,5.1,2.2,.
368,3959,99999999,8010100151,04/04/2010,06/04/2010,1238872273,3,2.40E+11,1,16.4,8.05,.
369,89,121042,9260116551,09/04/2010,09/04/2010,1238910092,1,2.20E+11,2,192.6,48.25,.
370,89,121042,9260116551,09/04/2010,09/04/2010,1238910092,1,2.20E+11,2,78,16.95,.
371,215,120172,1600102721,12/04/2010,12/04/2010,1238928257,1,2.41E+11,1,37.4,16.3,.
372,29,99999999,1600103020,17/04/2010,21/04/2010,1238968334,2,2.20E+11,1,17.4,8.8,.
373,29,99999999,1600103020,19/04/2010,23/04/2010,1238985782,2,2.40E+11,1,79.9,34.3,.
374,19,99999999,3940106547,21/04/2010,26/04/2010,1239003827,3,2.30E+11,1,77,38.6,.
375,70221,99999999,2600100019,23/04/2010,25/04/2010,1239018454,3,2.40E+11,1,22.3,12.6,.
376,70221,99999999,2600100019,23/04/2010,25/04/2010,1239018454,3,2.40E+11,1,313.8,159.15,.
377,12,121030,9260103713,27/04/2010,27/04/2010,1239057268,1,2.10E+11,2,48,11.95,.
378,29,99999999,1600103020,12/05/2010,16/05/2010,1239172417,2,2.40E+11,2,51.6,10.95,.
379,39,99999999,9260123099,12/05/2010,17/05/2010,1239179935,2,2.41E+11,1,21.99,7.25,.
380,52,121040,9260116235,14/05/2010,14/05/2010,1239194032,1,2.20E+11,1,27.4,13.8,.
381,90,121020,9260111614,15/05/2010,15/05/2010,1239201604,1,2.40E+11,3,712.2,111,.
382,29,99999999,1600103020,18/05/2010,22/05/2010,1239220388,2,2.40E+11,1,190.4,88.8,.
383,20,99999999,9260118934,18/05/2010,24/05/2010,1239226632,3,2.20E+11,3,190.5,29.95,.
384,63,121087,9260125492,21/05/2010,21/05/2010,1239248786,1,2.41E+11,3,174.3,25.8,.
385,63,121087,9260125492,21/05/2010,21/05/2010,1239248786,1,2.41E+11,1,41.7,19.75,.
386,41,120152,1600101527,23/05/2010,23/05/2010,1239258470,1,2.40E+11,1,6.2,3,.
387,53,120143,1600103258,24/05/2010,24/05/2010,1239266107,1,2.30E+11,1,112.5,54.95,.
388,45,121075,9260104847,29/05/2010,29/05/2010,1239312711,1,2.30E+11,3,231,38.6,.
389,45,121075,9260104847,29/05/2010,29/05/2010,1239312711,1,2.30E+11,3,849.9,116.85,.
390,1100,99999999,9050100008,30/05/2010,01/06/2010,1239320891,2,2.30E+11,3,279.3,46.65,.
391,52,121037,9260116235,02/06/2010,02/06/2010,1239346133,1,2.20E+11,3,116.4,19.5,.
392,52,121037,9260116235,02/06/2010,02/06/2010,1239346133,1,2.20E+11,1,208.6,84.35,.
393,183,120143,1600100760,04/06/2010,04/06/2010,1239353855,1,2.30E+11,1,12.7,6.1,.
394,89,121105,9260116551,05/06/2010,05/06/2010,1239368476,1,2.41E+11,3,65.97,9.1,.
395,52,121105,9260116235,10/06/2010,10/06/2010,1239408849,1,2.41E+11,2,53.2,11.4,.
396,29,99999999,1600103020,11/06/2010,15/06/2010,1239410348,2,2.20E+11,1,32.8,15.7,.
397,88,121036,9260100179,11/06/2010,11/06/2010,1239416627,1,2.20E+11,2,248.2,59.05,.
398,195,120127,1600101663,12/06/2010,12/06/2010,1239418524,1,2.20E+11,2,408.8,102.3,.
399,41,99999999,1600101527,15/06/2010,19/06/2010,1239442095,2,2.10E+11,2,120.2,26.8,.
400,17023,99999999,2600100021,22/06/2010,27/06/2010,1239498112,3,2.40E+11,2,97.8,19.6,.
401,90,121040,9260111614,27/06/2010,27/06/2010,1239543223,1,2.20E+11,2,172.8,43.3,.
402,90,121040,9260111614,27/06/2010,27/06/2010,1239543223,1,2.20E+11,2,38.6,8.75,.
403,45,121127,9260104847,06/07/2010,06/07/2010,1239615368,1,2.41E+11,1,178.88,71.55,.
404,88,121040,9260100179,16/07/2010,16/07/2010,1239693951,1,2.20E+11,2,83.6,19.45,.
405,16,99999999,3940105865,19/07/2010,20/07/2010,1239713046,2,2.30E+11,4,66.8,7.25,.
406,16,99999999,3940105865,19/07/2010,20/07/2010,1239713046,2,2.30E+11,2,252.2,58.6,.
407,16,99999999,3940105865,19/07/2010,20/07/2010,1239713046,2,2.30E+11,2,177,42.45,.
408,71,121073,9260124130,21/07/2010,21/07/2010,1239735632,1,2.30E+11,2,1136.2,289.95,.
409,13,99999999,3940105189,23/07/2010,28/07/2010,1239744161,2,2.40E+11,1,6.2,3,.
410,13,99999999,3940105189,23/07/2010,28/07/2010,1239744161,2,2.40E+11,2,38.2,7.7,.
411,60,121036,9260101262,25/07/2010,25/07/2010,1239765451,1,2.20E+11,2,211.4,48.15,.
412,60,121036,9260101262,25/07/2010,25/07/2010,1239765451,1,2.20E+11,2,21,4.75,.
413,65,99999999,3940100176,28/07/2010,03/08/2010,1239785436,3,2.30E+11,4,354,42.45,.
414,1684,99999999,9050100008,01/08/2010,04/08/2010,1239821232,2,2.30E+11,2,18.8,4.75,.
415,54655,99999999,2600100013,02/08/2010,05/08/2010,1239823829,2,2.40E+11,2,214.6,10.75,.
416,12,121090,9260103713,03/08/2010,03/08/2010,1239836937,1,2.41E+11,2,52.4,8.85,.
417,12,121042,9260103713,08/08/2010,08/08/2010,1239874523,1,2.20E+11,2,48.4,11.1,.
418,16,99999999,3940105865,16/08/2010,17/08/2010,1239932984,2,2.20E+11,2,285.8,64.85,.
419,16,99999999,3940105865,16/08/2010,17/08/2010,1239932984,2,2.20E+11,5,406,37.05,.
420,52,120732,9260116235,19/08/2010,19/08/2010,1239962634,1,2.30E+11,2,50,12.2,.
421,53,99999999,1600103258,21/08/2010,23/08/2010,1239972644,2,2.20E+11,1,102.9,46.9,.
422,90,121060,9260111614,23/08/2010,23/08/2010,1239994933,1,2.20E+11,3,213,32.3,.
423,71,99999999,9260124130,30/08/2010,05/09/2010,1240051245,3,2.30E+11,1,250.9,104.2,.
424,71,99999999,9260124130,30/08/2010,05/09/2010,1240051245,3,2.30E+11,3,359.1,56.9,.
425,60,121066,9260101262,31/08/2010,31/08/2010,1240060066,1,2.30E+11,1,141.7,61,.
426,544,99999999,9050100008,10/09/2010,11/09/2010,1240137702,2,2.30E+11,1,36,15,.
427,70165,99999999,2600100006,15/09/2010,16/09/2010,1240173354,3,2.40E+11,2,306.2,77.85,.
428,29,99999999,1600103020,17/09/2010,21/09/2010,1240187143,2,2.40E+11,1,154.6,116.6,.
429,10,121039,9260129395,18/09/2010,18/09/2010,1240201886,1,2.20E+11,1,32.3,14.75,.
430,52,121051,9260116235,28/09/2010,28/09/2010,1240283215,1,2.40E+11,1,175.5,89.55,.
431,52,121051,9260116235,28/09/2010,28/09/2010,1240283215,1,2.40E+11,2,112.2,28.15,.
432,52,121051,9260116235,28/09/2010,28/09/2010,1240283215,1,2.40E+11,2,323.8,75.9,.
433,90,121071,9260111614,01/10/2010,01/10/2010,1240306942,1,2.30E+11,1,8,3.5,.
434,90,121071,9260111614,01/10/2010,01/10/2010,1240306942,1,2.30E+11,1,64.2,32.2,.
435,908,99999999,9050100023,02/10/2010,06/10/2010,1240314947,2,2.30E+11,1,96.7,48.45,.
436,17,121074,9260123306,02/10/2010,02/10/2010,1240314956,1,2.30E+11,1,86.6,34.1,.
437,10,121063,9260129395,07/10/2010,07/10/2010,1240355393,1,2.30E+11,1,84.1,42.15,.
438,63,120733,9260125492,10/10/2010,10/10/2010,1240379679,1,2.30E+11,1,99.9,50.05,.
439,63,120733,9260125492,10/10/2010,10/10/2010,1240379679,1,2.30E+11,1,173,72.75,.
440,89,121140,9260116551,11/10/2010,11/10/2010,1240387741,1,2.41E+11,1,187.2,85.15,.
441,183,120153,1600100760,17/10/2010,17/10/2010,1240430921,1,2.40E+11,1,155.8,64.95,.
442,29,99999999,1600103020,19/10/2010,23/10/2010,1240446608,2,2.20E+11,1,35,17.6,.
443,29,99999999,1600103020,19/10/2010,23/10/2010,1240446608,2,2.20E+11,2,305.8,72.9,.
444,50,99999999,3940105781,19/10/2010,20/10/2010,1240447572,2,2.30E+11,1,270,125.65,.
445,10,121036,9260129395,20/10/2010,20/10/2010,1240461993,1,2.20E+11,1,11.3,4.55,.
446,10,121036,9260129395,20/10/2010,20/10/2010,1240461993,1,2.20E+11,1,52.5,24.95,.
447,10,121036,9260129395,20/10/2010,20/10/2010,1240461993,1,2.20E+11,1,68.4,31.2,.
448,29,99999999,1600103020,24/10/2010,28/10/2010,1240485814,2,2.20E+11,1,74.8,34.1,.
449,63,121033,9260125492,26/10/2010,26/10/2010,1240509842,1,2.10E+11,1,39.4,17.8,.
450,50,99999999,3940105781,27/10/2010,28/10/2010,1240512744,2,2.40E+11,2,28.8,7.05,.
451,89,121061,9260116551,31/10/2010,31/10/2010,1240549230,1,2.20E+11,1,58.7,28.25,.
452,19,99999999,3940106547,03/11/2010,08/11/2010,1240568966,3,2.20E+11,1,133.2,66.7,.
453,215,120192,1600102721,05/11/2010,05/11/2010,1240581932,1,2.10E+11,3,124.2,18.85,.
454,2788,99999999,9050100001,05/11/2010,07/11/2010,1240588370,2,2.30E+11,1,126.1,58.6,.
455,16,99999999,3940105865,07/11/2010,08/11/2010,1240599396,2,2.30E+11,1,220,135,.
456,16,99999999,3940105865,07/11/2010,08/11/2010,1240599396,2,2.30E+11,1,360,199,.
457,63,121071,9260125492,07/11/2010,07/11/2010,1240604971,1,2.30E+11,1,86.3,41.4,.
458,20,121069,9260118934,08/11/2010,08/11/2010,1240613362,1,2.30E+11,1,175.3,74.95,.
459,88,121086,9260100179,18/11/2010,18/11/2010,1240692950,1,2.41E+11,1,34.5,15.4,.
460,544,99999999,9050100008,29/11/2010,30/11/2010,1240782710,2,2.30E+11,1,12.7,6.1,.
461,544,99999999,9050100008,29/11/2010,30/11/2010,1240782710,2,2.30E+11,1,129.8,63.2,.
462,544,99999999,9050100008,08/12/2010,09/12/2010,1240856801,2,2.30E+11,2,193.4,48.45,.
463,544,99999999,9050100008,08/12/2010,09/12/2010,1240856801,2,2.30E+11,1,124.7,59.65,.
464,1100,99999999,9050100008,10/12/2010,12/12/2010,1240870047,2,2.30E+11,2,213.8,45.5,.
465,52,121030,9260116235,12/12/2010,12/12/2010,1240886449,1,2.10E+11,1,19.8,8.25,.
466,52,121044,9260116235,14/12/2010,14/12/2010,1240903120,1,2.20E+11,2,62.2,15.65,.
467,52,121044,9260116235,14/12/2010,14/12/2010,1240903120,1,2.20E+11,4,213.2,26.75,.
468,16,99999999,3940105865,22/12/2010,23/12/2010,1240961599,2,2.30E+11,4,1103.6,125.25,.
469,16,99999999,3940105865,22/12/2010,23/12/2010,1240961599,2,2.30E+11,1,78.2,39.2,.
470,24,99999999,9260115784,02/01/2011,05/01/2011,1241054779,3,2.41E+11,2,195.6,42.45,.
471,89,121135,9260116551,03/01/2011,04/01/2011,1241063739,1,2.41E+11,6,160.8,12.15,.
472,171,120134,1600101555,04/01/2011,04/01/2011,1241066216,1,2.40E+11,2,306.2,77.85,.
473,53,99999999,1600103258,06/01/2011,09/01/2011,1241086052,3,2.10E+11,3,37.8,5.7,.
474,53,120131,1600103258,13/01/2011,13/01/2011,1241147641,1,2.40E+11,2,362.6,72.6,.
475,171,120136,1600101555,23/01/2011,30/01/2011,1241235281,1,2.40E+11,1,72.6,36.25,.
476,111,120164,1600102072,24/01/2011,24/01/2011,1241244297,1,2.41E+11,2,258.2,51.7,.
477,111,120164,1600102072,24/01/2011,24/01/2011,1241244297,1,2.41E+11,2,81.2,19.35,.
478,111,120164,1600102072,24/01/2011,24/01/2011,1241244297,1,2.41E+11,3,358.2,49.75,.
479,3959,99999999,8010100151,25/01/2011,26/01/2011,1241263172,3,2.40E+11,1,102.4,51.15,.
480,3959,99999999,8010100151,25/01/2011,26/01/2011,1241263172,3,2.40E+11,1,113.2,54,.
481,27,99999999,9260105670,28/01/2011,02/02/2011,1241286432,3,2.41E+11,2,174.4,34.9,.
482,2806,99999999,8010100089,29/01/2011,08/02/2011,1241298131,2,2.40E+11,1,37.4,29.65,.
483,12,121043,9260103713,05/02/2011,05/02/2011,1241359997,1,2.20E+11,1,117.6,58.9,.
484,171,120124,1600101555,07/02/2011,07/02/2011,1241371145,1,2.40E+11,2,656.6,165.95,.
485,171,120124,1600101555,07/02/2011,07/02/2011,1241371145,1,2.40E+11,2,129,30.95,.
486,41,120131,1600101527,09/02/2011,09/02/2011,1241390440,1,2.40E+11,2,36.2,9.15,.
487,18,121042,9260112361,16/02/2011,17/02/2011,1241461856,1,2.20E+11,1,29.4,14.8,.
488,171,120127,1600101555,28/02/2011,28/02/2011,1241561055,1,2.20E+11,5,192,17.5,.
489,24,99999999,9260115784,06/03/2011,09/03/2011,1241623505,3,2.41E+11,1,46.9,21.95,.
490,70100,99999999,2600100015,09/03/2011,13/03/2011,1241645664,2,2.40E+11,1,150.1,14,.
491,27,99999999,9260105670,09/03/2011,14/03/2011,1241652707,3,2.41E+11,3,140.7,21.95,.
492,10,121040,9260129395,13/03/2011,19/03/2011,1241686210,1,2.20E+11,1,32.6,16.4,.
493,92,121106,9260117676,16/03/2011,16/03/2011,1241715610,1,2.41E+11,1,16.9,8.6,.
494,31,121025,9260128428,18/03/2011,18/03/2011,1241731828,1,2.40E+11,1,22.7,10.4,.
495,31,121025,9260128428,18/03/2011,18/03/2011,1241731828,1,2.40E+11,1,41.5,17.25,.
496,17023,99999999,2600100021,25/03/2011,30/03/2011,1241789227,3,2.40E+11,1,121,60.65,.
497,56,121051,9260111871,05/04/2011,09/04/2011,1241895594,1,2.40E+11,2,24.4,4.45,.
498,56,121051,9260111871,05/04/2011,09/04/2011,1241895594,1,2.40E+11,1,13.5,6.65,.
499,46966,99999999,2600100011,07/04/2011,08/04/2011,1241909303,3,2.40E+11,1,107.3,10.75,.
500,27,99999999,9260105670,09/04/2011,14/04/2011,1241930625,3,2.20E+11,1,58.7,28.25,.
501,27,99999999,9260105670,09/04/2011,14/04/2011,1241930625,3,2.20E+11,1,56.3,31.05,.
502,27,99999999,9260105670,09/04/2011,14/04/2011,1241930625,3,2.20E+11,1,90,40.9,.
503,171,120152,1600101555,15/04/2011,15/04/2011,1241977403,1,2.40E+11,1,19.1,7.7,.
504,10,121040,9260129395,18/04/2011,18/04/2011,1242012259,1,2.20E+11,2,231.6,48.7,.
505,10,121040,9260129395,18/04/2011,18/04/2011,1242012259,1,2.20E+11,2,19.2,4.85,.
506,45,121040,9260104847,18/04/2011,18/04/2011,1242012269,1,2.20E+11,4,142.4,16.7,.
507,45,121040,9260104847,18/04/2011,18/04/2011,1242012269,1,2.20E+11,3,73.8,11.3,.
508,183,120132,1600100760,21/04/2011,21/04/2011,1242035131,1,2.40E+11,1,147.1,58.85,.
509,31,99999999,9260128428,25/04/2011,29/04/2011,1242076538,3,2.20E+11,1,57.3,33.9,.
510,92,121086,9260117676,01/05/2011,01/05/2011,1242130888,1,2.41E+11,3,160.5,23.75,.
511,5,99999999,9260114570,02/05/2011,07/05/2011,1242140006,3,2.40E+11,1,31.4,13.9,.
512,90,99999999,9260111614,02/05/2011,04/05/2011,1242140009,2,2.40E+11,1,16.4,8.05,.
513,90,99999999,9260111614,02/05/2011,04/05/2011,1242140009,2,2.40E+11,1,192.4,89.9,.
514,90,121032,9260111614,03/05/2011,03/05/2011,1242149082,1,2.10E+11,1,14.3,7.7,.
515,90,121032,9260111614,03/05/2011,03/05/2011,1242149082,1,2.10E+11,4,56.8,6.45,.
516,5,99999999,9260114570,04/05/2011,09/05/2011,1242159212,3,2.30E+11,2,446.6,101.65,.
517,2550,99999999,8010100009,04/05/2011,09/05/2011,1242161468,3,2.40E+11,3,9.6,1.3,.
518,2550,99999999,8010100009,04/05/2011,09/05/2011,1242161468,3,2.40E+11,1,222,110.95,.
519,46966,99999999,2600100011,05/05/2011,06/05/2011,1242162201,3,2.40E+11,2,174.4,44.95,.
520,1033,99999999,9050100001,06/05/2011,10/05/2011,1242173926,3,2.30E+11,3,355.8,59.4,.
521,41,120136,1600101527,08/05/2011,08/05/2011,1242185055,1,2.40E+11,1,19.9,8.9,.
522,70079,99999999,2600100039,11/05/2011,14/05/2011,1242214574,3,2.40E+11,2,29.4,6.65,.
523,171,120127,1600101555,13/05/2011,13/05/2011,1242229985,1,2.20E+11,2,189.4,47.45,.
524,70187,99999999,2600100035,16/05/2011,21/05/2011,1242259863,2,2.40E+11,2,706.2,196.15,.
525,10,121105,9260129395,16/05/2011,16/05/2011,1242265757,1,2.41E+11,3,79.8,13.75,.
526,27,99999999,9260105670,05/06/2011,10/06/2011,1242449327,3,2.40E+11,2,91.6,19.5,.
527,10,121071,9260129395,06/06/2011,06/06/2011,1242458099,1,2.30E+11,1,12.2,4.9,.
528,34,99999999,9260111379,07/06/2011,13/06/2011,1242467585,3,2.40E+11,2,403,86.1,.
529,34,99999999,9260111379,07/06/2011,13/06/2011,1242467585,3,2.40E+11,5,239.5,20.65,.
530,31,99999999,9260128428,08/06/2011,12/06/2011,1242477751,3,2.20E+11,2,120.4,27.4,.
531,31,99999999,9260128428,08/06/2011,12/06/2011,1242477751,3,2.20E+11,2,277.6,63.15,.
532,5,121056,9260114570,10/06/2011,10/06/2011,1242493791,1,2.20E+11,2,126.8,30.5,.
533,31,121067,9260128428,11/06/2011,11/06/2011,1242502670,1,2.30E+11,2,16,3.5,.
534,31,121067,9260128428,11/06/2011,11/06/2011,1242502670,1,2.30E+11,2,195,40.55,.
535,17023,99999999,2600100021,13/06/2011,18/06/2011,1242515373,3,2.40E+11,4,168,20.25,.
536,70165,99999999,2600100006,15/06/2011,22/06/2011,1242534503,3,2.40E+11,4,702,89.55,.
537,89,99999999,9260116551,17/06/2011,21/06/2011,1242557584,2,2.41E+11,2,134.6,28,.
538,171,120130,1600101555,18/06/2011,18/06/2011,1242559569,1,2.20E+11,1,73.99,44.25,30%
539,2806,99999999,8010100089,18/06/2011,22/06/2011,1242568696,2,2.40E+11,2,239,51.7,.
540,2806,99999999,8010100089,18/06/2011,22/06/2011,1242568696,2,2.40E+11,3,755.4,125.85,.
541,70100,99999999,2600100015,20/06/2011,24/06/2011,1242578860,2,2.40E+11,4,1937.2,247.7,.
542,12,121037,9260103713,23/06/2011,23/06/2011,1242610991,1,2.20E+11,2,48.4,11.1,.
543,45,121109,9260104847,27/06/2011,27/06/2011,1242647539,1,2.41E+11,2,56,11.35,.
544,90,121037,9260111614,28/06/2011,28/06/2011,1242657273,1,2.20E+11,3,33.6,5.7,.
545,90,99999999,9260111614,02/07/2011,04/07/2011,1242691897,2,2.41E+11,2,110.2,24.05,.
546,10,121107,9260129395,07/07/2011,07/07/2011,1242736731,1,2.41E+11,3,80.7,10.3,.
547,24,99999999,9260115784,11/07/2011,14/07/2011,1242773202,3,2.41E+11,2,70.2,15.6,.
548,27,99999999,9260105670,12/07/2011,17/07/2011,1242782701,3,2.41E+11,3,403.5,56.05,.
549,10,121105,9260129395,17/07/2011,17/07/2011,1242827683,1,2.41E+11,1,21.99,7.25,.
550,10,121027,9260129395,18/07/2011,18/07/2011,1242836878,1,2.10E+11,2,60.6,13.5,.
551,41,120195,1600101527,19/07/2011,19/07/2011,1242838815,1,2.10E+11,1,39.4,17.8,.
552,41,120195,1600101527,19/07/2011,19/07/2011,1242838815,1,2.10E+11,1,50.4,22.75,.
553,2806,99999999,8010100089,19/07/2011,23/07/2011,1242848557,2,2.40E+11,3,54.3,7.7,.
554,70165,99999999,2600100006,28/07/2011,29/07/2011,1242923327,3,2.40E+11,2,16.6,3.65,.
555,171,120124,1600101555,30/07/2011,30/07/2011,1242938120,1,2.40E+11,1,35.2,14.8,.
556,65,99999999,3940100176,03/08/2011,07/08/2011,1242977743,2,2.40E+11,2,351.4,75.95,.
557,2806,99999999,8010100089,06/08/2011,10/08/2011,1243012144,2,2.40E+11,2,25.8,5.45,.
558,2806,99999999,8010100089,06/08/2011,10/08/2011,1243012144,2,2.40E+11,2,219,54.7,.
559,10,120733,9260129395,08/08/2011,08/08/2011,1243026971,1,2.30E+11,2,252.2,58.6,.
560,41,120143,1600101527,10/08/2011,10/08/2011,1243039354,1,2.30E+11,1,17.6,7.75,.
561,53,99999999,1600103258,11/08/2011,14/08/2011,1243049938,3,2.20E+11,2,180.4,38.3,.
562,10,121032,9260129395,17/08/2011,17/08/2011,1243110343,1,2.10E+11,2,134,28.9,.
563,10,121032,9260129395,17/08/2011,17/08/2011,1243110343,1,2.10E+11,3,60.9,9.3,.
564,171,120159,1600101555,20/08/2011,20/08/2011,1243127549,1,2.40E+11,1,19.1,7.7,.
565,45,120734,9260104847,22/08/2011,23/08/2011,1243152030,1,2.30E+11,1,40.2,16.85,.
566,90,121089,9260111614,22/08/2011,22/08/2011,1243152039,1,2.41E+11,2,47.6,11.4,.
567,70201,99999999,2600100012,24/08/2011,29/08/2011,1243165497,3,2.40E+11,2,201.2,51.9,.
568,70201,99999999,2600100012,24/08/2011,29/08/2011,1243165497,3,2.40E+11,3,658.5,124.9,.
569,70201,99999999,2600100012,24/08/2011,29/08/2011,1243165497,3,2.40E+11,2,215.8,53.35,.
570,10,121061,9260129395,27/08/2011,27/08/2011,1243198099,1,2.20E+11,3,199.2,30.25,.
571,10,121061,9260129395,27/08/2011,27/08/2011,1243198099,1,2.20E+11,3,256.2,39.8,.
572,171,120141,1600101555,31/08/2011,10/09/2011,1243227745,1,2.30E+11,2,6.4,1.35,.
573,928,99999999,9050100016,04/09/2011,08/09/2011,1243269405,2,2.30E+11,1,86.3,41.4,.
574,27,99999999,9260105670,05/09/2011,10/09/2011,1243279343,3,2.41E+11,2,78.4,16.45,.
575,31,121057,9260128428,06/09/2011,06/09/2011,1243290080,1,2.20E+11,1,50.3,25.25,.
576,45,121065,9260104847,06/09/2011,06/09/2011,1243290089,1,2.30E+11,1,78.2,39.2,.
577,5,121026,9260114570,09/09/2011,09/09/2011,1243315613,1,2.10E+11,1,52.5,22.25,.
578,12,121051,9260103713,18/09/2011,18/09/2011,1243398628,1,2.40E+11,1,87.2,44.95,.
579,69,121029,9260116402,20/09/2011,20/09/2011,1243417726,1,2.10E+11,1,23.5,9.2,.
580,24,99999999,9260115784,25/09/2011,28/09/2011,1243462945,3,2.41E+11,1,46.1,19.7,.
581,41,120195,1600101527,26/09/2011,26/09/2011,1243465031,1,2.10E+11,2,134,28.9,.
582,11,99999999,3940108592,28/09/2011,02/10/2011,1243485097,3,2.20E+11,2,78.2,19.65,.
583,89,121024,9260116551,01/10/2011,01/10/2011,1243515588,1,2.40E+11,1,251.8,125.85,.
584,89,121024,9260116551,01/10/2011,01/10/2011,1243515588,1,2.40E+11,1,114.2,44.6,.
585,31,121060,9260128428,07/10/2011,07/10/2011,1243568955,1,2.20E+11,1,172.5,78.5,.
586,171,120138,1600101555,16/10/2011,16/10/2011,1243643970,1,2.20E+11,1,101.5,46.25,.
587,70079,99999999,2600100039,16/10/2011,19/10/2011,1243644877,3,2.40E+11,1,14.6,6.75,.
588,41,120124,1600101527,18/10/2011,18/10/2011,1243661763,1,2.40E+11,2,29.4,6.05,.
589,69,121065,9260116402,18/10/2011,18/10/2011,1243670182,1,2.30E+11,1,3.2,1.35,.
590,31,121061,9260128428,19/10/2011,19/10/2011,1243680376,1,2.20E+11,1,63.5,29.95,.
591,10,121053,9260129395,01/11/2011,01/11/2011,1243797399,1,2.40E+11,2,1066.4,251.35,.
592,10,121053,9260129395,01/11/2011,01/11/2011,1243797399,1,2.40E+11,1,321.5,146.35,.
593,41,120128,1600101527,02/11/2011,02/11/2011,1243799681,1,2.20E+11,1,17,8.45,.
594,41,120128,1600101527,02/11/2011,02/11/2011,1243799681,1,2.20E+11,3,222.3,35.3,.
595,10,120732,9260129395,03/11/2011,03/11/2011,1243815198,1,2.30E+11,4,471.2,49.05,.
596,10,120732,9260129395,03/11/2011,03/11/2011,1243815198,1,2.30E+11,1,35.5,17.25,.
597,171,120127,1600101555,04/11/2011,04/11/2011,1243817278,1,2.20E+11,1,19,8.85,.
598,908,99999999,9050100023,11/11/2011,15/11/2011,1243887390,2,2.30E+11,1,519.3,253.2,.
599,34,121068,9260111379,18/11/2011,18/11/2011,1243951648,1,2.30E+11,1,86.3,41.4,.
600,90,121028,9260111614,19/11/2011,19/11/2011,1243960910,1,2.10E+11,2,69.4,15.5,.
601,215,120175,1600102721,20/11/2011,20/11/2011,1243963366,1,2.41E+11,2,60.8,9.2,.
602,171,120124,1600101555,23/11/2011,23/11/2011,1243991721,1,2.40E+11,1,29.9,14.3,.
603,70187,99999999,2600100035,23/11/2011,28/11/2011,1243992813,2,2.20E+11,1,8.2,4.15,.
604,2806,99999999,8010100089,30/11/2011,04/12/2011,1244066194,2,2.40E+11,1,31.4,13.9,.
605,2806,99999999,8010100089,30/11/2011,04/12/2011,1244066194,2,2.40E+11,3,144.6,20.75,.
606,14104,99999999,4750100001,03/12/2011,06/12/2011,1244086685,3,2.20E+11,2,80.4,20.2,.
607,14104,99999999,4750100001,03/12/2011,06/12/2011,1244086685,3,2.20E+11,2,114.2,28.65,.
608,45,121107,9260104847,05/12/2011,05/12/2011,1244107612,1,2.41E+11,5,118,12.3,.
609,45,121107,9260104847,05/12/2011,05/12/2011,1244107612,1,2.41E+11,2,126,31.6,.
610,45,121109,9260104847,06/12/2011,06/12/2011,1244117101,1,2.41E+11,2,45.7,9.3,.
611,45,121109,9260104847,06/12/2011,06/12/2011,1244117101,1,2.41E+11,2,19.98,11.4,40%
612,49,121117,9260104510,06/12/2011,06/12/2011,1244117109,1,2.41E+11,2,24.8,5.6,.
613,31,121121,9260128428,12/12/2011,12/12/2011,1244171290,1,2.41E+11,3,760.8,105.3,.
614,10,121092,9260129395,13/12/2011,13/12/2011,1244181114,1,2.41E+11,3,95.1,14.5,.
615,10,121092,9260129395,13/12/2011,13/12/2011,1244181114,1,2.41E+11,2,48.2,11.5,.
616,89,121118,9260116551,15/12/2011,15/12/2011,1244197366,1,2.41E+11,4,75.2,10.3,.
617,5,121040,9260114570,26/12/2011,26/12/2011,1244296274,1,2.20E+11,2,33.8,5.7,.
