no,Employee_ID,Start_Date,End_Date,Job_Title,Salary,Gender,Birth_Date,Emp_Hire_Date,Emp_Term_Date,Manager_ID
1,120101,01/07/2007,29/12/9999,Director,163040.00,M,18/08/1980,01/07/2007,.,120261
2,120102,01/06/1993,29/12/9999,Sales Manager,108255.00,M,11/08/1973,01/06/1993,.,120101
3,120103,01/01/1978,29/12/9999,Sales Manager,87975.00,M,22/01/1953,01/01/1978,.,120101
4,120104,01/01/1985,29/12/9999,"Administration
Manager",46230.00,F,11/05/1958,01/01/1985,.,120101
5,120105,01/05/2003,29/12/9999,Secretary I,27110.00,F,21/12/1978,01/05/2003,.,120101
6,120106,01/01/1978,29/12/9999,Office Assistant II,26960.00,M,23/12/1948,01/01/1978,.,120104
7,120107,01/02/1978,29/12/9999,Office Assistant III,30475.00,F,21/01/1953,01/02/1978,.,120104
8,120108,01/08/2010,29/12/9999,"Warehouse
Assistant II",27660.00,F,23/02/1988,01/08/2010,.,120104
9,120109,01/10/2010,29/12/9999,"Warehouse
Assistant I",26495.00,F,15/12/1990,01/10/2010,.,120104
10,120110,01/11/1983,29/12/9999,"Warehouse
Assistant III",28615.00,M,20/11/1953,01/11/1983,.,120104
11,120111,01/11/1978,29/12/9999,Security Guard II,26895.00,M,23/07/1953,01/11/1978,.,120104
12,120112,01/07/1994,29/12/9999,Security Guard I,26550.00,F,17/02/1973,01/07/1994,.,120104
13,120113,01/01/1978,29/12/9999,Security Guard II,26870.00,F,10/05/1948,01/01/1978,.,120104
14,120114,01/01/1978,29/12/9999,Security Manager,31285.00,F,08/02/1948,01/01/1978,.,120104
15,120115,01/08/2009,29/12/9999,Service Assistant I,26500.00,M,08/05/1988,01/08/2009,.,120104
16,120116,01/02/1984,29/12/9999,Service Assistant II,29250.00,M,13/06/1963,01/02/1984,.,120104
17,120117,01/04/1990,29/12/9999,Cabinet Maker III,31670.00,M,11/09/1968,01/04/1990,.,120104
18,120118,01/07/1988,29/12/9999,Cabinet Maker II,28090.00,M,03/06/1963,01/07/1988,.,120104
19,120119,01/01/2002,29/12/9999,Electrician IV,30255.00,M,21/12/1973,01/01/2002,.,120104
20,120120,01/01/1978,29/12/9999,Electrician II,27645.00,F,05/05/1948,01/01/1978,.,120104
21,120121,01/01/1978,29/12/9999,Sales Rep. II,26600.00,F,02/08/1948,01/01/1978,.,120102
22,120122,01/07/1982,29/12/9999,Sales Rep. II,27475.00,F,27/07/1958,01/07/1982,.,120102
23,120123,01/10/1989,31/01/2009,Sales Rep. I,26190.00,F,28/09/1968,01/10/1989,31/01/2009,120102
24,120124,01/03/1983,29/12/9999,Sales Rep. I,26480.00,M,13/05/1963,01/03/1983,.,120102
25,120125,01/03/1983,31/07/2008,Sales Rep. IV,32040.00,M,06/12/1958,01/03/1983,31/07/2008,120102
26,120126,01/08/2010,29/12/9999,Sales Rep. II,26780.00,M,20/09/1992,01/08/2010,.,120102
27,120127,01/11/2002,29/12/9999,Sales Rep. II,28100.00,F,04/01/1983,01/11/2002,.,120102
28,120128,01/11/2010,29/12/9999,Sales Rep. IV,30890.00,F,14/07/1990,01/11/2010,.,120102
29,120129,01/10/1989,31/03/2007,Sales Rep. III,30070.00,M,22/11/1968,01/10/1989,31/03/2007,120102
30,120130,01/05/2010,29/12/9999,Sales Rep. I,26955.00,M,14/12/1988,01/05/2010,.,120102
31,120131,01/01/2007,29/12/9999,Sales Rep. I,26910.00,M,25/09/1983,01/01/2007,.,120102
32,120132,01/10/1982,29/12/9999,Sales Rep. III,28525.00,F,05/04/1953,01/10/1982,.,120102
33,120133,01/10/2010,29/12/9999,Sales Rep. II,27440.00,F,22/04/1990,01/10/2010,.,120102
34,120134,01/01/1978,30/06/2010,Sales Rep. II,28015.00,M,06/06/1953,01/01/1978,30/06/2010,120102
35,120135,01/10/2001,30/04/2008,Sales Rep. IV,32490.00,M,26/01/1973,01/10/2001,30/04/2008,120102
36,120136,01/02/2007,29/12/9999,Sales Rep. I,26605.00,M,16/09/1983,01/02/2007,.,120102
37,120137,01/03/2010,29/12/9999,Sales Rep. III,29715.00,F,12/03/1983,01/03/2010,.,120102
38,120138,01/07/2010,29/12/9999,Sales Rep. I,25795.00,F,11/07/1983,01/07/2010,.,120102
39,120139,01/09/2010,29/12/9999,Sales Rep. II,26810.00,F,18/08/1990,01/09/2010,.,120102
40,120140,01/10/2010,29/12/9999,Sales Rep. I,26970.00,M,03/08/1992,01/10/2010,.,120103
41,120141,01/05/2010,29/12/9999,Sales Rep. II,27465.00,F,12/03/1992,01/05/2010,.,120103
42,120142,01/07/2010,29/12/9999,Sales Rep. III,29695.00,M,14/06/1990,01/07/2010,.,120103
43,120143,01/10/1986,29/12/9999,Sales Rep. II,26790.00,M,17/05/1963,01/10/1986,.,120103
44,120144,01/10/2010,29/12/9999,Sales Rep. III,30265.00,M,07/03/1990,01/10/2010,.,120103
45,120145,01/06/1989,29/12/9999,Sales Rep. II,26060.00,M,22/01/1968,01/06/1989,.,120103
46,120146,01/08/1984,30/09/2009,Sales Rep. I,25985.00,M,02/10/1963,01/08/1984,30/09/2009,120103
47,120147,01/10/2010,29/12/9999,Sales Rep. II,26580.00,F,19/01/1992,01/10/2010,.,120103
48,120148,01/06/1982,29/12/9999,Sales Rep. III,28480.00,M,13/09/1953,01/06/1982,.,120103
49,120149,01/01/1997,29/12/9999,Sales Rep. I,26390.00,F,21/11/1978,01/01/1997,.,120103
50,120150,01/08/1986,30/04/2008,Sales Rep. III,29965.00,M,09/07/1958,01/08/1986,30/04/2008,120103
51,120151,01/01/1978,29/12/9999,Sales Rep. II,26520.00,F,21/11/1948,01/01/1978,.,120103
52,120152,01/04/2009,29/12/9999,Sales Rep. I,26515.00,M,01/05/1983,01/04/2009,.,120102
53,120153,01/01/2002,31/01/2010,Sales Rep. I,27260.00,F,07/05/1983,01/01/2002,31/01/2010,120102
54,120154,01/01/1978,29/12/9999,Sales Rep. III,30490.00,F,20/07/1948,01/01/1978,.,120102
55,120155,01/04/2010,29/12/9999,Sales Rep. III,29990.00,F,22/04/1988,01/04/2010,.,120102
56,120156,01/03/2010,29/12/9999,Sales Rep. I,26445.00,F,01/09/1992,01/03/2010,.,120102
57,120157,01/12/2010,29/12/9999,Sales Rep. II,27860.00,M,21/02/1990,01/12/2010,.,120102
58,120158,01/07/1991,31/08/2009,Sales Rep. III,36605.00,M,14/07/1968,01/07/1991,31/08/2009,120102
59,120159,01/07/1990,29/12/9999,Sales Rep. IV,30765.00,F,24/02/1968,01/07/1990,.,120102
60,120160,01/10/1978,29/12/9999,Sales Rep. I,27115.00,M,09/09/1958,01/10/1978,.,120102
61,120161,01/10/2010,29/12/9999,Sales Rep. III,30785.00,F,07/03/1992,01/10/2010,.,120102
62,120162,01/02/2010,29/12/9999,Sales Rep. I,27215.00,M,05/09/1992,01/02/2010,.,120102
63,120163,01/01/1995,29/12/9999,Sales Rep. II,26735.00,M,22/05/1968,01/01/1995,.,120102
64,120164,01/02/1986,29/12/9999,Sales Rep. II,27450.00,F,26/11/1963,01/02/1986,.,120102
65,120165,01/03/2010,29/12/9999,Sales Rep. I,27050.00,M,19/03/1988,01/03/2010,.,120102
66,120166,01/01/1978,31/08/2010,Sales Rep. IV,30660.00,M,14/06/1948,01/01/1978,31/08/2010,120102
67,120167,01/02/1978,31/03/2010,Sales Rep. I,25185.00,F,04/05/1958,01/02/1978,31/03/2010,120102
68,120168,01/11/2010,29/12/9999,Sales Rep. I,25275.00,F,24/03/1988,01/11/2010,.,120102
69,120169,01/05/2010,29/12/9999,Sales Rep. III,28135.00,M,02/01/1988,01/05/2010,.,120102
70,120170,01/10/1996,31/10/2010,Sales Rep. III,28830.00,M,25/02/1978,01/10/1996,31/10/2010,120102
71,120171,01/09/2010,29/12/9999,Sales Rep. II,26205.00,F,19/07/1988,01/09/2010,.,120102
72,120172,01/01/1978,29/12/9999,Sales Rep. III,28345.00,M,01/04/1948,01/01/1978,.,120102
73,120173,01/06/1981,31/07/2008,Sales Rep. I,26715.00,M,23/02/1958,01/06/1981,31/07/2008,120102
74,120174,01/01/1978,30/10/2009,Sales Rep. I,26850.00,F,10/01/1948,01/01/1978,30/10/2009,120102
75,120175,01/10/2010,29/12/9999,Sales Rep. I,25745.00,M,18/08/1992,01/10/2010,.,120102
76,120176,01/11/2010,29/12/9999,Sales Rep. I,26095.00,M,09/11/1990,01/11/2010,.,120102
77,120177,01/02/2002,29/12/9999,Sales Rep. III,28745.00,F,05/04/1983,01/02/2002,.,120102
78,120178,01/04/1978,29/12/9999,Sales Rep. II,26165.00,M,23/11/1958,01/04/1978,.,120102
79,120179,01/01/2008,31/08/2008,Sales Rep. III,28510.00,M,15/03/1978,01/01/2008,31/08/2008,120102
80,120180,01/12/1982,29/12/9999,Sales Rep. II,26970.00,M,27/06/1958,01/12/1982,.,120102
81,120181,01/12/2010,31/03/2011,Temp. Sales Rep.,27065.00,F,28/11/1992,01/12/2010,31/03/2011,120103
82,120182,01/12/2010,31/12/2010,Temp. Sales Rep.,25020.00,M,05/10/1988,01/12/2010,31/12/2010,120103
83,120183,01/12/2010,31/12/2010,Temp. Sales Rep.,26910.00,M,10/09/1973,01/12/2010,31/12/2010,120103
84,120184,01/12/2010,30/04/2011,Temp. Sales Rep.,25820.00,M,01/12/1953,01/12/2010,30/04/2011,120103
85,120185,01/12/2010,31/01/2011,Temp. Sales Rep.,25080.00,F,07/04/1978,01/12/2010,31/01/2011,120103
86,120186,01/12/2010,30/06/2011,Temp. Sales Rep.,26795.00,F,19/04/1983,01/12/2010,30/06/2011,120103
87,120187,01/12/2010,31/05/2011,Temp. Sales Rep.,26665.00,F,10/12/1988,01/12/2010,31/05/2011,120103
88,120188,01/12/2010,31/12/2010,Temp. Sales Rep.,26715.00,F,01/03/1958,01/12/2010,31/12/2010,120103
89,120189,01/12/2010,31/03/2011,Temp. Sales Rep.,25180.00,M,03/07/1988,01/12/2010,31/03/2011,120103
90,120190,01/11/2008,30/04/2009,Trainee,24100.00,M,05/12/1988,01/11/2008,30/04/2009,120103
91,120191,01/01/2007,30/06/2007,Trainee,24015.00,F,17/01/1963,01/01/2007,30/06/2007,120103
92,120192,01/06/2009,30/11/2009,Trainee,26185.00,M,08/05/1988,01/06/2009,30/11/2009,120103
93,120193,01/09/2009,28/02/2010,Trainee,24515.00,M,06/12/1988,01/09/2009,28/02/2010,120103
94,120194,01/02/2009,31/07/2009,Trainee,25985.00,M,23/09/1988,01/02/2009,31/07/2009,120103
95,120195,01/07/2010,31/12/2010,Trainee,24990.00,F,25/12/1988,01/07/2010,31/12/2010,120103
96,120196,01/01/2007,30/06/2007,Trainee,24025.00,F,31/01/1988,01/01/2007,30/06/2007,120103
97,120197,01/01/2007,30/06/2007,Trainee,25580.00,F,08/08/1958,01/01/2007,30/06/2007,120103
98,120198,01/12/2010,29/12/9999,Sales Rep. III,28025.00,F,21/01/1992,01/12/2010,.,120103
99,120259,01/09/1993,29/12/9999,"Chief Executive
Officer",433800.00,M,25/01/1968,01/09/1993,.,.
100,120260,01/11/1988,29/12/9999,"Chief Marketing
Officer",207885.00,F,02/12/1968,01/11/1988,.,120259
101,120261,01/08/1991,29/12/9999,Chief Sales Officer,243190.00,M,21/02/1973,01/08/1991,.,120259
102,120262,01/09/1992,29/12/9999,"Chief Financial
Officer",268455.00,M,21/10/1973,01/09/1992,.,120259
103,120263,01/10/1987,31/12/2007,"Financial Analyst
III",42605.00,M,10/02/1968,01/10/1987,31/12/2007,120262
104,120264,01/12/2010,29/12/9999,Financial Analyst II,37510.00,F,23/01/1988,01/12/2010,.,120262
105,120265,01/01/1978,31/12/2006,Auditor III,51950.00,F,04/10/1948,01/01/1978,31/12/2006,120262
106,120266,01/04/1993,29/12/9999,Secretary IV,31750.00,F,01/07/1973,01/04/1993,.,120259
107,120267,01/02/2007,29/12/9999,Secretary III,28585.00,F,02/06/1990,01/02/2007,.,120259
108,120268,01/05/2001,29/12/9999,Senior Strategist,76105.00,M,01/09/1978,01/05/2001,.,120260
109,120269,01/01/1978,30/04/2008,Strategist II,52540.00,F,27/09/1948,01/01/1978,30/04/2008,120260
110,120270,01/01/1978,29/12/9999,"Concession
Director",48435.00,M,25/03/1958,01/01/1978,.,120261
111,120271,01/09/1990,29/12/9999,"Concession
Manager",43635.00,F,06/08/1968,01/09/1990,.,120270
112,120272,01/01/1978,29/12/9999,"Concession
Consultant II",34390.00,M,15/03/1948,01/01/1978,.,120271
113,120273,01/03/2010,29/12/9999,"Concession
Assistant III",28455.00,F,07/06/1990,01/03/2010,.,120271
114,120274,01/12/1997,29/12/9999,"Concession
Assistant I",26840.00,F,09/01/1968,01/12/1997,.,120271
115,120275,01/10/1988,29/12/9999,"Concession
Consultant II",32195.00,F,27/12/1963,01/10/1988,.,120271
116,120276,01/01/1978,31/05/2007,"Concession
Assistant II",28090.00,M,16/12/1948,01/01/1978,31/05/2007,120271
117,120277,01/05/2008,31/05/2009,"Concession
Consultant I",32645.00,F,16/08/1992,01/05/2008,31/05/2009,120271
118,120278,01/08/2010,29/12/9999,"Concession
Assistant III",27685.00,M,17/12/1990,01/08/2010,.,120271
119,120279,01/05/2000,29/12/9999,"Concession
Consultant I",32925.00,F,20/10/1973,01/05/2000,.,120271
120,120280,01/05/1992,30/06/2006,"Concession
Consultant III",36930.00,F,11/11/1968,01/05/1992,30/06/2006,120271
121,120656,01/03/2003,29/12/9999,"Logistics
Coordinator II",42570.00,F,28/01/1978,01/03/2003,.,120660
122,120657,01/11/1994,29/12/9999,"Logistics
Coordinator I",36110.00,F,07/01/1968,01/11/1994,.,120660
123,120658,01/02/1985,29/12/9999,"Logistics
Coordinator II",42485.00,M,20/12/1958,01/02/1985,.,120660
124,120659,01/01/1978,29/12/9999,Director,161290.00,M,16/07/1953,01/01/1978,.,120259
125,120660,01/03/2009,29/12/9999,Logistics Manager,61125.00,M,06/06/1982,01/03/2009,.,120659
126,120661,01/01/1988,30/06/2007,"Senior Logistics
Manager",85495.00,F,27/11/1958,01/01/1988,30/06/2007,120659
127,120662,01/11/2010,29/12/9999,Secretary II,27045.00,M,25/06/1992,01/11/2010,.,120659
128,120663,01/03/2001,29/12/9999,Pricing Manager,56385.00,F,26/03/1973,01/03/2001,.,120659
129,120664,01/05/1979,29/12/9999,Pricing Specialist,47605.00,M,18/02/1958,01/05/1979,.,120663
130,120665,01/03/2006,29/12/9999,"Senior Logistics
Manager",80070.00,F,24/10/1978,01/03/2006,.,120659
131,120666,01/12/1995,30/04/2008,Logistics Manager,64555.00,M,22/06/1973,01/12/1995,30/04/2008,120659
132,120667,01/02/2010,29/12/9999,Office Assistant III,29980.00,M,21/06/1983,01/02/2010,.,120666
133,120668,01/12/1982,29/12/9999,Services Manager,47785.00,M,23/10/1953,01/12/1982,.,120659
134,120669,01/01/1978,29/12/9999,"Services Assistant
IV",36370.00,M,23/07/1948,01/01/1978,.,120668
135,120670,01/01/1978,31/12/2006,Shipping Manager,65420.00,M,26/03/1948,01/01/1978,31/12/2006,120659
136,120671,01/02/1987,29/12/9999,Shipping Agent III,40080.00,M,27/05/1958,01/02/1987,.,120670
137,120672,01/03/1996,29/12/9999,Shipping Manager,60980.00,M,25/08/1968,01/03/1996,.,120659
138,120673,01/01/1978,29/12/9999,Shipping Agent II,35935.00,F,27/06/1948,01/01/1978,.,120672
139,120677,01/02/1997,29/12/9999,Shipping Manager,65555.00,F,02/09/1973,01/02/1997,.,120659
140,120678,01/05/1982,31/08/2007,Shipping Agent III,40035.00,F,12/01/1953,01/05/1982,31/08/2007,120677
141,120679,01/07/2006,29/12/9999,Shipping Manager,46190.00,F,07/11/1980,01/07/2006,.,120659
142,120680,01/05/1995,29/12/9999,Shipping Agent I,27295.00,F,25/08/1973,01/05/1995,.,120679
143,120681,01/04/2008,29/12/9999,Shipping Agent II,30950.00,M,12/08/1983,01/04/2008,.,120679
144,120682,01/04/2000,29/12/9999,Shipping Agent I,26760.00,F,20/12/1973,01/04/2000,.,120679
145,120683,01/01/1978,28/02/2007,Shipping Agent III,36315.00,F,12/11/1958,01/01/1978,28/02/2007,120679
146,120684,01/11/2010,29/12/9999,"Warehouse
Assistant I",26960.00,F,26/11/1990,01/11/2010,.,120679
147,120685,01/11/2010,29/12/9999,"Warehouse
Assistant I",25130.00,F,01/03/1988,01/11/2010,.,120679
148,120686,01/01/1978,29/12/9999,"Warehouse
Assistant II",26690.00,F,07/05/1948,01/01/1978,.,120679
149,120687,01/08/2008,31/01/2009,"Warehouse
Assistant I",26800.00,F,25/05/1983,01/08/2008,31/01/2009,120679
150,120688,01/01/1978,31/08/2006,"Warehouse
Assistant I",25905.00,F,25/12/1953,01/01/1978,31/08/2006,120679
151,120689,01/07/2010,29/12/9999,"Warehouse
Assistant III",27780.00,F,20/07/1983,01/07/2010,.,120679
152,120690,01/12/2008,29/12/9999,"Warehouse
Assistant I",25185.00,F,17/01/1988,01/12/2008,.,120679
153,120691,01/01/1978,29/12/9999,Shipping Manager,49240.00,M,15/09/1948,01/01/1978,.,120659
154,120692,01/04/1986,29/12/9999,Shipping Agent II,32485.00,M,22/11/1958,01/04/1986,.,120691
155,120693,01/06/1983,29/12/9999,Shipping Agent I,26625.00,M,02/05/1963,01/06/1983,.,120691
156,120694,01/04/2010,29/12/9999,"Warehouse
Assistant I",27365.00,F,16/08/1992,01/04/2010,.,120691
157,120695,01/07/1993,31/07/2010,"Warehouse
Assistant II",28180.00,M,13/07/1968,01/07/1993,31/07/2010,120691
158,120696,01/03/1978,31/03/2010,"Warehouse
Assistant I",26615.00,M,14/08/1958,01/03/1978,31/03/2010,120691
159,120697,01/06/2010,29/12/9999,"Warehouse
Assistant IV",29625.00,F,27/06/1992,01/06/2010,.,120691
160,120698,01/08/1980,28/02/2009,"Warehouse
Assistant I",26160.00,M,17/05/1958,01/08/1980,28/02/2009,120691
161,120710,01/01/2002,29/12/9999,Business Analyst II,54840.00,M,24/11/1978,01/01/2002,.,120719
162,120711,01/03/1998,29/12/9999,"Business Analyst
III",59130.00,F,28/05/1973,01/03/1998,.,120719
163,120712,01/01/1978,29/12/9999,"Marketing
Manager",63640.00,F,12/06/1953,01/01/1978,.,120719
164,120713,01/01/1978,29/12/9999,"Marketing
Assistant III",31630.00,M,23/02/1948,01/01/1978,.,120712
165,120714,01/09/2002,29/12/9999,"Marketing
Manager",62625.00,M,04/04/1980,01/09/2002,.,120719
166,120715,01/02/2009,29/12/9999,"Marketing
Assistant II",28535.00,F,12/06/1983,01/02/2009,.,120714
167,120716,01/08/1997,29/12/9999,Events Manager,53015.00,M,24/07/1978,01/08/1997,.,120719
168,120717,01/08/1985,29/12/9999,"Marketing
Assistant II",30155.00,M,09/01/1958,01/08/1985,.,120716
169,120718,01/05/1994,29/12/9999,"Marketing
Assistant II",29190.00,M,08/07/1968,01/05/1994,.,120716
170,120719,01/02/2000,29/12/9999,"Senior Marketing
Manager",87420.00,F,22/01/1973,01/02/2000,.,120260
171,120720,01/04/1996,29/12/9999,"Corp. Comm.
Manager",46580.00,M,07/05/1968,01/04/1996,.,120719
172,120721,01/01/1978,29/12/9999,"Marketing
Assistant II",29870.00,F,21/10/1948,01/01/1978,.,120720
173,120722,01/10/1989,29/12/9999,"Corp. Comm.
Specialist I",32460.00,M,22/09/1963,01/10/1989,.,120720
174,120723,01/01/1978,29/12/9999,"Corp. Comm.
Specialist II",33950.00,F,10/08/1953,01/01/1978,.,120720
175,120724,01/04/1996,29/12/9999,"Marketing
Manager",63705.00,M,27/01/1968,01/04/1996,.,120719
176,120725,01/06/2008,31/12/2008,"Marketing
Assistant II",29970.00,M,24/10/1983,01/06/2008,31/12/2008,120724
177,120726,01/09/2010,29/12/9999,"Marketing
Assistant I",27380.00,F,01/07/1992,01/09/2010,.,120724
178,120727,01/06/1990,29/12/9999,"Marketing
Assistant IV",34925.00,M,25/06/1968,01/06/1990,.,120724
179,120728,01/01/1986,29/12/9999,"Purchasing Agent
II",35070.00,F,04/12/1958,01/01/1986,.,120735
180,120729,25/04/2007,23/09/2009,Purchasing Agent I,31495.00,F,03/04/1992,25/04/2007,23/09/2009,120735
181,120730,01/10/1992,29/12/9999,Purchasing Agent I,30195.00,M,16/12/1968,01/10/1992,.,120735
182,120731,01/09/1987,29/12/9999,"Purchasing Agent
II",34150.00,M,15/03/1963,01/09/1987,.,120735
183,120732,01/01/1978,29/12/9999,"Purchasing Agent
III",35870.00,M,14/08/1953,01/01/1978,.,120736
184,120733,01/11/1994,29/12/9999,Purchasing Agent I,31760.00,M,03/04/1968,01/11/1994,.,120736
185,120734,01/03/2010,29/12/9999,"Purchasing Agent
III",34270.00,M,26/04/1983,01/03/2010,.,120736
186,120735,01/05/1982,29/12/9999,"Purchasing
Manager",61985.00,F,13/06/1958,01/05/1982,.,120261
187,120736,01/10/1995,29/12/9999,"Purchasing
Manager",63985.00,F,27/11/1968,01/10/1995,.,120261
188,120737,01/11/1992,29/12/9999,"Purchasing
Manager",63605.00,F,28/03/1963,01/11/1992,.,120261
189,120738,01/01/1978,29/12/9999,Purchasing Agent I,30025.00,F,06/07/1953,01/01/1978,.,120737
190,120739,01/05/2010,29/12/9999,"Purchasing Agent
III",36970.00,M,07/08/1990,01/05/2010,.,120737
191,120740,01/01/1978,31/08/2007,"Purchasing Agent
II",35110.00,F,19/10/1953,01/01/1978,31/08/2007,120737
192,120741,01/01/1978,29/12/9999,"Purchasing Agent
III",36365.00,F,28/11/1948,01/01/1978,.,120737
193,120742,01/01/1978,29/12/9999,Purchasing Agent I,31020.00,M,04/02/1948,01/01/1978,.,120737
194,120743,01/06/2001,29/12/9999,"Purchasing Agent
II",34620.00,F,01/02/1973,01/06/2001,.,120737
195,120744,01/07/2008,30/10/2009,"Purchasing Agent
II",33490.00,F,19/06/1992,01/07/2008,30/10/2009,120737
196,120745,01/06/2010,29/12/9999,Purchasing Agent I,31365.00,F,05/07/1990,01/06/2010,.,120737
197,120746,01/04/2006,29/12/9999,Account Manager,46090.00,M,10/10/1978,01/04/2006,.,120262
198,120747,01/08/1999,29/12/9999,"Financial
Controller I",43590.00,F,20/06/1978,01/08/1999,.,120746
199,120748,01/03/2007,29/12/9999,"Building Admin.
Manager",48380.00,F,05/07/1980,01/03/2007,.,120262
200,120749,01/10/2000,29/12/9999,Office Assistant II,26545.00,M,20/09/1978,01/10/2000,.,120748
201,120750,01/02/1983,31/01/2006,Accountant I,32675.00,F,07/06/1958,01/02/1983,31/01/2006,120751
202,120751,01/08/1992,29/12/9999,Finance Manager,58200.00,M,05/04/1968,01/08/1992,.,120262
203,120752,01/08/1979,30/04/2007,Accountant I,30590.00,M,17/02/1958,01/08/1979,30/04/2007,120751
204,120753,01/08/1998,29/12/9999,"Financial
Controller II",47000.00,M,15/06/1980,01/08/1998,.,120751
205,120754,01/05/2010,29/12/9999,Accountant II,34760.00,M,02/06/1992,01/05/2010,.,120751
206,120755,01/08/1987,29/12/9999,Accountant III,36440.00,F,24/08/1968,01/08/1987,.,120751
207,120756,01/07/2000,29/12/9999,"Financial
Controller III",52295.00,F,20/02/1978,01/07/2000,.,120751
208,120757,01/01/1978,30/06/2008,Accountant III,38545.00,M,18/03/1948,01/01/1978,30/06/2008,120751
209,120758,01/10/1996,29/12/9999,Accountant II,34040.00,M,22/10/1968,01/10/1996,.,120751
210,120759,01/01/1987,29/12/9999,Accountant II,36230.00,M,04/11/1968,01/01/1987,.,120746
211,120760,01/05/1997,29/12/9999,"Financial
Controller III",53475.00,F,06/01/1973,01/05/1997,.,120746
212,120761,01/07/2010,29/12/9999,Accountant I,30960.00,F,28/12/1990,01/07/2010,.,120746
213,120762,01/03/2010,29/12/9999,Accountant I,30625.00,M,02/11/1983,01/03/2010,.,120746
214,120763,01/01/1978,29/12/9999,Auditor II,45100.00,M,26/10/1948,01/01/1978,.,120766
215,120764,01/12/2006,29/12/9999,Auditor I,40450.00,M,22/12/1978,01/12/2006,.,120766
216,120765,01/01/1978,29/12/9999,"Financial
Controller III",51950.00,F,17/12/1958,01/01/1978,.,120766
217,120766,01/03/2005,29/12/9999,Auditing Manager,53400.00,F,05/11/1978,01/03/2005,.,120262
218,120767,01/04/1991,29/12/9999,Accountant I,32965.00,M,09/05/1968,01/04/1991,.,120766
219,120768,01/10/1985,30/11/2007,Accountant II,44955.00,M,22/07/1958,01/10/1985,30/11/2007,120766
220,120769,01/04/2000,29/12/9999,Auditor II,47990.00,M,24/05/1978,01/04/2000,.,120766
221,120770,01/04/1991,30/04/2007,Auditor I,43930.00,F,24/04/1968,01/04/1991,30/04/2007,120766
222,120771,01/12/1980,29/12/9999,Accountant II,36435.00,F,04/08/1958,01/12/1980,.,120766
223,120772,01/08/2010,29/12/9999,HR Generalist I,27365.00,M,08/04/1992,01/08/2010,.,120780
224,120773,01/04/1985,29/12/9999,HR Generalist II,27370.00,F,22/02/1963,01/04/1985,.,120780
225,120774,01/03/2006,31/10/2009,HR Specialist II,45155.00,F,17/09/1982,01/03/2006,31/10/2009,120780
226,120775,01/11/2000,29/12/9999,HR Analyst II,41580.00,F,11/02/1973,01/11/2000,.,120780
227,120776,01/04/2005,29/12/9999,HR Generalist III,32580.00,M,21/09/1983,01/04/2005,.,120780
228,120777,01/05/1998,29/12/9999,HR Specialist I,40955.00,M,26/03/1973,01/05/1998,.,120780
229,120778,01/02/1988,29/12/9999,HR Specialist I,43650.00,F,08/12/1958,01/02/1988,.,120780
230,120779,01/03/2001,29/12/9999,HR Analyst II,43690.00,F,04/10/1980,01/03/2001,.,120780
231,120780,01/10/1995,29/12/9999,HR Manager,62995.00,F,01/09/1973,01/10/1995,.,120262
232,120781,01/12/2008,31/12/2009,Recruiter I,32620.00,F,23/01/1992,01/12/2008,31/12/2009,120782
233,120782,01/06/2003,29/12/9999,"Recruitment
Manager",63915.00,F,29/11/1978,01/06/2003,.,120262
234,120783,01/01/2000,29/12/9999,Recruiter III,42975.00,M,20/12/1978,01/01/2000,.,120782
235,120784,01/09/2008,29/12/9999,Recruiter II,35715.00,F,24/04/1983,01/09/2008,.,120782
236,120785,01/06/1997,29/12/9999,Training Manager,48335.00,F,21/01/1973,01/06/1997,.,120780
237,120786,01/01/1978,29/12/9999,Trainer I,32650.00,F,18/03/1948,01/01/1978,.,120785
238,120787,01/01/2000,29/12/9999,Trainer II,34000.00,M,22/08/1973,01/01/2000,.,120785
239,120788,01/12/1998,29/12/9999,Trainer I,33530.00,M,13/06/1973,01/12/1998,.,120785
240,120789,01/12/1986,31/05/2007,Trainer III,39330.00,M,14/07/1968,01/12/1986,31/05/2007,120785
241,120790,01/05/1999,29/12/9999,ETL Specialist II,53740.00,F,07/12/1978,01/05/1999,.,120791
242,120791,01/10/1990,29/12/9999,"Systems Architect
IV",61115.00,M,26/07/1968,01/10/1990,.,120798
243,120792,01/08/2001,29/12/9999,"Systems Architect
II",54760.00,F,19/03/1980,01/08/2001,.,120791
244,120793,01/06/2000,29/12/9999,ETL Specialist I,47155.00,M,08/08/1973,01/06/2000,.,120791
245,120794,01/07/2007,29/12/9999,"Applications
Developer IV",51265.00,F,31/12/1982,01/07/2007,.,120800
246,120795,01/08/1992,31/01/2007,"Applications
Developer II",49105.00,M,16/01/1973,01/08/1992,31/01/2007,120794
247,120796,01/03/1987,29/12/9999,"Applications
Developer II",47030.00,M,12/05/1958,01/03/1987,.,120794
248,120797,01/12/1981,29/12/9999,"Applications
Developer I",43385.00,F,17/11/1958,01/12/1981,.,120794
249,120798,01/01/1991,29/12/9999,"Senior Project
Manager",80755.00,F,23/06/1963,01/01/1991,.,120800
250,120799,01/11/2002,29/12/9999,Office Assistant III,29070.00,M,23/03/1983,01/11/2002,.,120800
251,120800,01/06/2001,31/01/2007,IS Director,80210.00,M,20/12/1978,01/06/2001,31/01/2007,120262
252,120801,01/07/2003,29/12/9999,"Applications
Developer I",40040.00,F,06/03/1978,01/07/2003,.,120798
253,120802,01/01/1982,30/06/2008,"Applications
Developer IV",65125.00,F,11/05/1953,01/01/1982,30/06/2008,120798
254,120803,01/01/1982,29/12/9999,"Applications
Developer I",43630.00,M,06/06/1958,01/01/1982,.,120798
255,120804,01/01/1978,29/12/9999,IS Administrator III,55400.00,M,11/02/1948,01/01/1978,.,120798
256,120805,01/04/2004,29/12/9999,BI Administrator IV,58530.00,M,27/06/1982,01/04/2004,.,120798
257,120806,01/02/1996,29/12/9999,IS Administrator II,47285.00,F,25/02/1978,01/02/1996,.,120798
258,120807,01/01/1986,31/08/2008,IS Administrator I,43325.00,F,14/12/1963,01/01/1986,31/08/2008,120798
259,120808,01/06/1988,29/12/9999,BI Specialist II,44425.00,M,01/06/1968,01/06/1988,.,120798
260,120809,01/01/1978,29/12/9999,BI Architect II,47155.00,F,14/01/1948,01/01/1978,.,120798
261,120810,01/03/1984,29/12/9999,IS Architect III,58375.00,M,04/10/1958,01/03/1984,.,120798
262,120811,01/07/1997,29/12/9999,"Applications
Developer I",43985.00,M,26/09/1973,01/07/1997,.,120814
263,120812,01/08/2005,29/12/9999,"Applications
Developer II",45810.00,M,19/02/1978,01/08/2005,.,120814
264,120813,01/01/1997,31/12/2007,"Applications
Developer IV",50865.00,M,14/09/1973,01/01/1997,31/12/2007,120814
265,120814,01/09/1983,29/12/9999,Project Manager,59140.00,M,03/06/1963,01/09/1983,.,120800
266,120815,01/04/2010,29/12/9999,"Service
Administrator III",31590.00,M,27/12/1992,01/04/2010,.,120719
267,120816,01/08/1997,29/12/9999,"Service
Administrator I",30485.00,F,03/05/1973,01/08/1997,.,120719
268,120992,01/08/2004,29/12/9999,Office Assistant I,26940.00,F,17/02/1983,01/08/2004,.,120996
269,120993,01/03/2001,29/12/9999,Office Assistant I,26260.00,F,18/12/1973,01/03/2001,.,120996
270,120994,01/11/1998,29/12/9999,"Office
Administrator I",31645.00,F,16/06/1978,01/11/1998,.,120996
271,120995,01/08/2010,29/12/9999,"Office
Administrator II",34850.00,F,13/06/1988,01/08/2010,.,120996
272,120996,01/09/2006,29/12/9999,Office Assistant IV,32745.00,M,21/07/1978,01/09/2006,.,121000
273,120997,01/09/2000,29/12/9999,"Shipping
Administrator I",27420.00,F,21/11/1978,01/09/2000,.,121000
274,120998,01/04/2009,29/12/9999,Clerk I,26330.00,F,06/12/1983,01/04/2009,.,120997
275,120999,01/04/1988,29/12/9999,Clerk I,27215.00,F,28/12/1963,01/04/1988,.,120997
276,121000,01/12/1997,29/12/9999,"Administration
Manager",48600.00,M,25/01/1968,01/12/1997,.,121141
277,121001,01/09/1981,29/12/9999,"Warehouse
Manager",43615.00,M,21/01/1963,01/09/1981,.,121000
278,121002,01/12/1983,31/08/2008,"Warehouse
Assistant II",26650.00,F,18/09/1958,01/12/1983,31/08/2008,121001
279,121003,01/07/2010,29/12/9999,"Warehouse
Assistant I",26000.00,M,05/05/1992,01/07/2010,.,121001
280,121004,01/01/1978,29/12/9999,Security Manager,30895.00,M,03/08/1948,01/01/1978,.,121000
281,121005,01/02/2008,29/12/9999,Security Guard I,25020.00,M,15/07/1988,01/02/2008,.,121004
282,121006,01/11/2008,31/10/2009,Security Guard I,26145.00,M,12/10/1990,01/11/2008,31/10/2009,121004
283,121007,01/02/1991,29/12/9999,Security Guard II,27290.00,M,12/10/1968,01/02/1991,.,121004
284,121008,01/08/1997,29/12/9999,Security Guard II,27875.00,M,03/07/1973,01/08/1997,.,121004
285,121009,01/08/2003,29/12/9999,"Service
Administrator I",32955.00,M,04/12/1983,01/08/2003,.,121000
286,121010,01/03/2010,29/12/9999,Service Assistant I,25195.00,M,14/08/1988,01/03/2010,.,121009
287,121011,01/01/1978,29/12/9999,Service Assistant I,25735.00,M,11/03/1948,01/01/1978,.,121009
288,121012,01/09/2007,30/11/2008,Service Assistant II,29575.00,M,26/01/1990,01/09/2007,30/11/2008,121009
289,121013,01/04/2004,29/12/9999,Electrician II,26675.00,M,28/04/1983,01/04/2004,.,121016
290,121014,01/08/2003,29/12/9999,Electrician III,28510.00,F,01/05/1978,01/08/2003,.,121016
291,121015,01/09/2004,29/12/9999,Technician I,26140.00,M,13/12/1983,01/09/2004,.,121016
292,121016,01/09/2008,29/12/9999,Technical Manager,48075.00,F,19/01/1980,01/09/2008,.,121000
293,121017,01/03/2009,29/12/9999,Technician II,29225.00,M,06/01/1988,01/03/2009,.,121016
294,121018,01/01/1978,30/04/2007,Sales Rep. II,27560.00,F,03/01/1948,01/01/1978,30/04/2007,121144
295,121019,01/06/2008,31/07/2009,Sales Rep. IV,31320.00,M,25/06/1990,01/06/2008,31/07/2009,121144
296,121020,01/05/2006,29/12/9999,Sales Rep. IV,31750.00,F,23/02/1988,01/05/2006,.,121144
297,121021,01/03/1998,29/12/9999,Sales Rep. IV,32985.00,F,10/12/1978,01/03/1998,.,121144
298,121022,01/02/2006,31/08/2008,Sales Rep. IV,32210.00,M,28/10/1983,01/02/2006,31/08/2008,121144
299,121023,01/05/1993,31/08/2009,Sales Rep. I,26010.00,M,13/03/1968,01/05/1993,31/08/2009,121144
300,121024,01/05/2008,29/12/9999,Sales Rep. II,26600.00,M,21/09/1988,01/05/2008,.,121144
301,121025,01/09/1979,29/12/9999,Sales Rep. II,28295.00,M,10/10/1953,01/09/1979,.,121144
302,121026,01/04/2010,29/12/9999,Sales Rep. IV,31515.00,M,08/11/1990,01/04/2010,.,121144
303,121027,01/12/1993,29/12/9999,Sales Rep. II,26165.00,M,05/05/1968,01/12/1993,.,121144
304,121028,01/11/2010,29/12/9999,Sales Rep. I,26585.00,M,27/04/1992,01/11/2010,.,121144
305,121029,01/12/1993,29/12/9999,Sales Rep. I,27225.00,M,22/12/1968,01/12/1993,.,121144
306,121030,01/02/2005,29/12/9999,Sales Rep. I,26745.00,M,12/11/1983,01/02/2005,.,121144
307,121031,01/08/1989,29/12/9999,Sales Rep. III,28060.00,M,09/07/1968,01/08/1989,.,121144
308,121032,01/03/2010,29/12/9999,Sales Rep. IV,31335.00,M,24/02/1992,01/03/2010,.,121144
309,121033,01/06/2008,29/12/9999,Sales Rep. III,29775.00,F,06/11/1990,01/06/2008,.,121144
310,121034,01/01/2011,29/12/9999,Sales Rep. II,27110.00,M,23/08/1992,01/01/2011,.,121144
311,121035,01/01/1978,29/12/9999,Sales Rep. II,26460.00,M,25/03/1948,01/01/1978,.,121144
312,121036,01/10/2007,31/10/2009,Sales Rep. I,25965.00,F,18/07/1992,01/10/2007,31/10/2009,121144
313,121037,01/03/2006,29/12/9999,Sales Rep. III,28310.00,M,12/06/1978,01/03/2006,.,121144
314,121038,01/08/2010,01/02/2011,Sales Rep. I,25285.00,M,13/02/1992,01/08/2010,01/02/2011,121144
315,121039,01/05/1984,29/12/9999,Sales Rep. II,27460.00,M,03/06/1958,01/05/1984,.,121144
316,121040,01/11/1986,29/12/9999,Sales Rep. III,29525.00,F,06/07/1963,01/11/1986,.,121144
317,121041,01/01/1978,29/12/9999,Sales Rep. II,26120.00,F,04/02/1948,01/01/1978,.,121144
318,121042,01/11/2003,29/12/9999,Sales Rep. III,28845.00,M,04/04/1983,01/11/2003,.,121144
319,121043,01/03/1996,29/12/9999,Sales Rep. II,28225.00,F,09/11/1973,01/03/1996,.,121144
320,121044,01/08/1979,29/12/9999,Sales Rep. I,25660.00,M,11/12/1958,01/08/1979,.,121144
321,121045,01/01/1998,29/02/2008,Sales Rep. II,28560.00,F,13/06/1968,01/01/1998,29/02/2008,121143
322,121046,01/07/2010,01/01/2011,Sales Rep. I,25845.00,M,07/09/1988,01/07/2010,01/01/2011,121143
323,121047,01/09/2010,01/03/2011,Sales Rep. I,25820.00,F,26/11/1983,01/09/2010,01/03/2011,121143
324,121048,01/09/2010,01/03/2011,Sales Rep. I,26560.00,F,24/06/1988,01/09/2010,01/03/2011,121143
325,121049,01/12/2010,29/12/9999,Sales Rep. I,26930.00,F,14/02/1990,01/12/2010,.,121143
326,121050,01/12/2010,29/12/9999,Sales Rep. II,26080.00,F,12/01/1990,01/12/2010,.,121143
327,121051,01/11/1982,29/12/9999,Sales Rep. I,26025.00,F,02/05/1953,01/11/1982,.,121143
328,121052,01/11/2010,29/12/9999,Sales Rep. II,26900.00,M,09/01/1990,01/11/2010,.,121143
329,121053,01/02/1978,29/12/9999,Sales Rep. III,29955.00,F,23/09/1948,01/02/1978,.,121143
330,121054,01/11/1980,29/12/9999,Sales Rep. III,29805.00,M,12/11/1958,01/11/1980,.,121143
331,121055,01/08/2010,29/12/9999,Sales Rep. III,30185.00,M,08/01/1992,01/08/2010,.,121143
332,121056,01/05/2007,29/12/9999,Sales Rep. II,28325.00,F,05/07/1988,01/05/2007,.,121143
333,121057,01/12/1984,29/12/9999,Sales Rep. I,25125.00,M,26/12/1963,01/12/1984,.,121143
334,121058,01/10/2006,29/12/9999,Sales Rep. I,26270.00,M,12/07/1978,01/10/2006,.,121143
335,121059,01/04/1985,31/12/2007,Sales Rep. II,27425.00,F,25/10/1963,01/04/1985,31/12/2007,121143
336,121060,01/01/1978,29/12/9999,Sales Rep. III,28800.00,F,08/06/1948,01/01/1978,.,121143
337,121061,01/07/1988,29/12/9999,Sales Rep. III,29815.00,M,16/07/1958,01/07/1988,.,121143
338,121062,01/08/2010,29/12/9999,Sales Rep. IV,30305.00,F,28/10/1988,01/08/2010,.,121145
339,121063,01/08/2009,29/12/9999,Sales Rep. II,35990.00,M,27/07/1983,01/08/2009,.,121145
340,121064,01/09/1995,29/12/9999,Sales Rep. I,25110.00,M,28/01/1968,01/09/1995,.,121145
341,121065,01/04/2010,29/12/9999,Sales Rep. III,28040.00,F,05/09/1988,01/04/2010,.,121145
342,121066,01/01/1978,31/10/2009,Sales Rep. II,27250.00,F,23/08/1948,01/01/1978,31/10/2009,121145
343,121067,01/03/2010,01/09/2010,Sales Rep. IV,31865.00,F,18/01/1990,01/03/2010,01/09/2010,121145
344,121068,01/09/1996,29/12/9999,Sales Rep. II,27550.00,M,02/12/1973,01/09/1996,.,121145
345,121069,01/10/1994,29/12/9999,Sales Rep. II,26195.00,M,19/03/1973,01/10/1994,.,121145
346,121070,01/02/2010,29/12/9999,Sales Rep. III,29385.00,F,04/11/1988,01/02/2010,.,121145
347,121071,01/09/1981,29/12/9999,Sales Rep. III,28625.00,M,10/09/1963,01/09/1981,.,121145
348,121072,01/09/2008,31/10/2009,Sales Rep. I,26105.00,M,10/01/1983,01/09/2008,31/10/2009,121145
349,121073,01/01/1978,29/12/9999,Sales Rep. I,27100.00,M,15/05/1953,01/01/1978,.,121145
350,121074,01/10/1992,29/12/9999,Sales Rep. I,26990.00,M,01/03/1963,01/10/1992,.,121145
351,121075,01/01/1978,29/12/9999,Sales Rep. II,28395.00,F,23/12/1948,01/01/1978,.,121145
352,121076,01/01/1987,31/05/2008,Sales Rep. II,26685.00,M,09/10/1968,01/01/1987,31/05/2008,121143
353,121077,01/10/2010,29/12/9999,Sales Rep. III,28585.00,M,05/09/1988,01/10/2010,.,121143
354,121078,01/11/1982,29/12/9999,Sales Rep. I,27485.00,M,01/05/1953,01/11/1982,.,121143
355,121079,01/11/2001,29/12/9999,Sales Rep. I,25770.00,M,03/06/1978,01/11/2001,.,121143
356,121080,01/09/1991,29/12/9999,Sales Rep. I,32235.00,M,24/01/1963,01/09/1991,.,121143
357,121081,01/04/1980,29/12/9999,Sales Rep. III,30235.00,F,28/03/1953,01/04/1980,.,121143
358,121082,01/10/1981,29/12/9999,Sales Rep. III,28510.00,M,05/07/1953,01/10/1981,.,121143
359,121083,01/03/1983,29/12/9999,Sales Rep. I,27245.00,F,11/03/1963,01/03/1983,.,121143
360,121084,01/01/1995,29/12/9999,Sales Rep. I,22710.00,M,16/08/1968,01/01/1995,.,121143
361,121085,01/01/2011,29/12/9999,Sales Rep. IV,32235.00,M,12/11/1990,01/01/2011,.,121143
362,121086,01/01/1978,29/12/9999,Sales Rep. I,26820.00,M,16/12/1948,01/01/1978,.,121143
363,121087,01/03/2003,31/03/2010,Sales Rep. II,28325.00,F,07/12/1978,01/03/2003,31/03/2010,121143
364,121088,01/01/2011,29/12/9999,Sales Rep. I,27240.00,M,10/06/1992,01/01/2011,.,121143
365,121089,01/07/1978,31/10/2010,Sales Rep. II,28095.00,M,21/08/1958,01/07/1978,31/10/2010,121143
366,121090,01/02/1984,29/12/9999,Sales Rep. I,26600.00,F,19/06/1958,01/02/1984,.,121143
367,121091,01/01/1993,29/12/9999,Sales Rep. II,27325.00,M,19/02/1973,01/01/1993,.,121143
368,121092,01/08/2006,29/12/9999,Sales Rep. I,25680.00,F,08/03/1978,01/08/2006,.,121143
369,121093,01/01/1998,30/06/2007,Sales Rep. I,27410.00,M,18/07/1968,01/01/1998,30/06/2007,121143
370,121094,01/09/1982,29/12/9999,Sales Rep. I,26555.00,M,07/01/1958,01/09/1982,.,121143
371,121095,01/07/1995,29/12/9999,Sales Rep. II,28010.00,F,14/04/1973,01/07/1995,.,121143
372,121096,01/05/1999,29/12/9999,Sales Rep. I,26335.00,M,18/05/1973,01/05/1999,.,121143
373,121097,01/10/1999,29/12/9999,Sales Rep. II,26830.00,F,23/10/1978,01/10/1999,.,121143
374,121098,01/05/2010,29/12/9999,Sales Rep. I,27475.00,M,22/03/1992,01/05/2010,.,121143
375,121099,01/05/2004,29/12/9999,Sales Rep. IV,32725.00,M,19/03/1983,01/05/2004,.,121143
376,121100,01/04/1980,29/12/9999,Sales Rep. II,28135.00,M,27/04/1953,01/04/1980,.,121143
377,121101,01/11/2010,29/12/9999,Sales Rep. I,25390.00,F,28/08/1990,01/11/2010,.,121143
378,121102,01/06/2010,29/12/9999,Sales Rep. I,27115.00,F,26/06/1983,01/06/2010,.,121143
379,121103,01/09/2010,29/12/9999,Sales Rep. I,27260.00,M,28/04/1992,01/09/2010,.,121143
380,121104,01/04/1990,31/01/2006,Sales Rep. II,28315.00,F,12/11/1968,01/04/1990,31/01/2006,121143
381,121105,01/01/2007,29/12/9999,Sales Rep. III,29545.00,F,09/05/1983,01/01/2007,.,121143
382,121106,01/02/2000,29/12/9999,Sales Rep. I,25880.00,M,02/02/1973,01/02/2000,.,121143
383,121107,01/07/2010,29/12/9999,Sales Rep. IV,31380.00,F,24/04/1990,01/07/2010,.,121143
384,121108,01/11/2010,01/05/2011,Sales Rep. I,25930.00,F,04/07/1992,01/11/2010,01/05/2011,121143
385,121109,01/05/1994,29/12/9999,Sales Rep. I,26035.00,M,05/11/1973,01/05/1994,.,121143
386,121110,01/12/2010,31/12/2010,Temp. Sales Rep.,26370.00,M,14/04/1948,01/12/2010,31/12/2010,121145
387,121111,01/12/2010,30/04/2011,Temp. Sales Rep.,26885.00,M,17/07/1948,01/12/2010,30/04/2011,121145
388,121112,01/12/2010,31/12/2010,Temp. Sales Rep.,26855.00,M,13/12/1990,01/12/2010,31/12/2010,121145
389,121113,01/12/2010,31/01/2011,Temp. Sales Rep.,27480.00,F,21/02/1958,01/12/2010,31/01/2011,121145
390,121114,01/12/2010,30/06/2011,Temp. Sales Rep.,26515.00,F,04/11/1948,01/12/2010,30/06/2011,121145
391,121115,01/12/2010,30/04/2011,Temp. Sales Rep.,26430.00,M,13/02/1963,01/12/2010,30/04/2011,121145
392,121116,01/12/2010,31/03/2011,Temp. Sales Rep.,26670.00,F,23/09/1968,01/12/2010,31/03/2011,121145
393,121117,01/12/2010,31/12/2010,Temp. Sales Rep.,26640.00,F,18/03/1978,01/12/2010,31/12/2010,121145
394,121118,01/12/2010,31/05/2011,Temp. Sales Rep.,25725.00,M,01/03/1983,01/12/2010,31/05/2011,121145
395,121119,01/12/2010,28/02/2011,Temp. Sales Rep.,25205.00,M,03/11/1968,01/12/2010,28/02/2011,121145
396,121120,01/12/2010,28/02/2011,Temp. Sales Rep.,25020.00,F,25/10/1978,01/12/2010,28/02/2011,121145
397,121121,01/12/2010,31/05/2011,Temp. Sales Rep.,25735.00,F,05/03/1990,01/12/2010,31/05/2011,121145
398,121122,01/12/2010,31/03/2011,Temp. Sales Rep.,26265.00,M,01/03/1990,01/12/2010,31/03/2011,121145
399,121123,01/12/2010,31/03/2011,Temp. Sales Rep.,26410.00,M,27/04/1948,01/12/2010,31/03/2011,121145
400,121124,01/12/2010,31/12/2010,Temp. Sales Rep.,26925.00,M,15/02/1973,01/12/2010,31/12/2010,121145
401,121125,01/01/2007,30/06/2007,Trainee,25315.00,M,17/04/1978,01/01/2007,30/06/2007,121145
402,121126,01/01/2007,30/06/2007,Trainee,26015.00,M,26/10/1958,01/01/2007,30/06/2007,121145
403,121127,01/06/2009,30/11/2009,Trainee,25435.00,F,03/09/1990,01/06/2009,30/11/2009,121145
404,121128,01/01/2007,30/06/2007,Trainee,25405.00,F,26/06/1978,01/01/2007,30/06/2007,121145
405,121129,01/01/2007,30/06/2007,Trainee,30945.00,M,01/05/1968,01/01/2007,30/06/2007,121145
406,121130,01/02/2008,31/07/2008,Trainee,25255.00,M,21/01/1988,01/02/2008,31/07/2008,121145
407,121131,01/01/2007,30/06/2007,Trainee,25445.00,M,30/06/1973,01/01/2007,30/06/2007,121145
408,121132,01/01/2007,30/06/2007,Trainee,24390.00,M,08/02/1958,01/01/2007,30/06/2007,121145
409,121133,01/01/2007,30/06/2007,Trainee,25405.00,M,10/11/1983,01/01/2007,30/06/2007,121145
410,121134,01/01/2007,30/06/2007,Trainee,25585.00,M,02/07/1968,01/01/2007,30/06/2007,121145
411,121135,01/08/1978,29/12/9999,Sales Rep. I,27010.00,F,07/06/1958,01/08/1978,.,121145
412,121136,01/12/2006,30/09/2008,Sales Rep. I,27460.00,F,15/07/1978,01/12/2006,30/09/2008,121145
413,121137,01/04/2010,29/12/9999,Sales Rep. I,27055.00,M,18/01/1992,01/04/2010,.,121145
414,121138,01/01/1978,29/12/9999,Sales Rep. I,27265.00,M,28/02/1953,01/01/1978,.,121145
415,121139,01/07/1991,29/12/9999,Sales Rep. II,27700.00,F,19/08/1963,01/07/1991,.,121145
416,121140,01/04/2005,31/01/2010,Sales Rep. I,26335.00,M,23/01/1983,01/04/2005,31/01/2010,121145
417,121141,01/01/1978,29/12/9999,Vice President,194885.00,M,19/06/1948,01/01/1978,.,120261
418,121142,01/05/1997,29/12/9999,Director,156065.00,M,14/02/1973,01/05/1997,.,121141
419,121143,01/07/2001,29/12/9999,"Senior Sales
Manager",95090.00,M,26/11/1973,01/07/2001,.,121142
420,121144,01/11/1995,29/12/9999,Sales Manager,83505.00,F,28/06/1968,01/11/1995,.,121142
421,121145,01/04/1980,29/12/9999,Sales Manager,84260.00,M,22/11/1953,01/04/1980,.,121142
422,121146,01/04/2010,29/12/9999,Secretary III,29320.00,F,09/12/1990,01/04/2010,.,121141
423,121147,01/09/1991,29/12/9999,Secretary II,29145.00,F,28/05/1973,01/09/1991,.,121142
424,121148,01/01/2002,31/01/2007,Business Analyst II,52930.00,M,01/01/1973,01/01/2002,31/01/2007,121141
