no,Product_ID,Product_Line,Product_Category,Product_Group,Product_Name,Supplier_Country,Supplier_Name,Supplier_ID
1,210200100009,Children,Children Sports,"A-Team, Kids","Kids Sweat Round Neck,Large Logo",US,A Team Sports,3298
2,210200100017,Children,Children Sports,"A-Team, Kids",Sweatshirt Children's O-Neck,US,A Team Sports,3298
3,210200200022,Children,Children Sports,"Bathing Suits, Kids",Sunfit Slow Swimming Trunks,US,Nautlius SportsWear Inc,6153
4,210200200023,Children,Children Sports,"Bathing Suits, Kids",Sunfit Stockton Swimming Trunks Jr.,US,Nautlius SportsWear Inc,6153
5,210200300006,Children,Children Sports,"Eclipse, Kid's Clothes",Fleece Cuff Pant Kid'S,US,Eclipse Inc,1303
6,210200300007,Children,Children Sports,"Eclipse, Kid's Clothes",Hsc Dutch Player Shirt Junior,US,Eclipse Inc,1303
7,210200300052,Children,Children Sports,"Eclipse, Kid's Clothes",Tony's Cut & Sew T-Shirt,US,Eclipse Inc,1303
8,210200400020,Children,Children Sports,"Eclipse, Kid's Shoes",Kids Baby Edge Max Shoes,US,Eclipse Inc,1303
9,210200400070,Children,Children Sports,"Eclipse, Kid's Shoes",Tony's Children's Deschutz (Bg) Shoes,US,Eclipse Inc,1303
10,210200500002,Children,Children Sports,"Lucky Guy, Kids",Children's Mitten,US,AllSeasons Outdoor Clothing,772
11,210200500006,Children,Children Sports,"Lucky Guy, Kids","Rain Suit, Plain w/backpack Jacket",US,AllSeasons Outdoor Clothing,772
12,210200500007,Children,Children Sports,"Lucky Guy, Kids",Bozeman Rain & Storm Set,US,AllSeasons Outdoor Clothing,772
13,210200500016,Children,Children Sports,"Lucky Guy, Kids",Teen Profleece w/Zipper,US,AllSeasons Outdoor Clothing,772
14,210200600056,Children,Children Sports,"N.D. Gear, Kids",Butch T-Shirt with V-Neck,ES,Luna sastreria S.A.,4742
15,210200600067,Children,Children Sports,"N.D. Gear, Kids",Children's Knit Sweater,ES,Luna sastreria S.A.,4742
16,210200600085,Children,Children Sports,"N.D. Gear, Kids",Gordon Children's Tracking Pants,ES,Luna sastreria S.A.,4742
17,210200600112,Children,Children Sports,"N.D. Gear, Kids",O'my Children's T-Shirt with Logo,ES,Luna sastreria S.A.,4742
18,210200700016,Children,Children Sports,"Olssons, Kids",Strap Pants BBO,ES,Sportico,798
19,210200900004,Children,Children Sports,"Osprey, Kids",Kid Basic Tracking Suit,US,Triple Sportswear Inc,3664
20,210200900033,Children,Children Sports,"Osprey, Kids",Osprey France Nylon Shorts,US,Triple Sportswear Inc,3664
21,210200900038,Children,Children Sports,"Osprey, Kids",Osprey Girl's Tights,US,Triple Sportswear Inc,3664
22,210201000050,Children,Children Sports,Tracker Kid's Clothes,Kid Children's T-Shirt,US,3Top Sports,2963
23,210201000067,Children,Children Sports,Tracker Kid's Clothes,Logo Coord.Children's Sweatshirt,US,3Top Sports,2963
24,210201000126,Children,Children Sports,Tracker Kid's Clothes,Toddler Footwear Socks with Knobs,US,3Top Sports,2963
25,210201000198,Children,Children Sports,Tracker Kid's Clothes,South Peak Junior Training Shoes,US,3Top Sports,2963
26,210201000199,Children,Children Sports,Tracker Kid's Clothes,Starlite Baby Shoes,US,3Top Sports,2963
27,210201100004,Children,Children Sports,"Ypsilon, Kids",Ypsilon Children's Sweat w/Big Logo,FR,Ypsilon S.A.,14624
28,220100100019,Clothes & Shoes,Clothes,Eclipse Clothing,Fit Racing Cap,US,Eclipse Inc,1303
29,220100100025,Clothes & Shoes,Clothes,Eclipse Clothing,Knit Hat,US,Eclipse Inc,1303
30,220100100044,Clothes & Shoes,Clothes,Eclipse Clothing,Sports glasses Satin Alumin.,US,Eclipse Inc,1303
31,220100100101,Clothes & Shoes,Clothes,Eclipse Clothing,Big Guy Men's Chaser Poplin Pants,US,Eclipse Inc,1303
32,220100100105,Clothes & Shoes,Clothes,Eclipse Clothing,Big Guy Men's Clima Fit Jacket,US,Eclipse Inc,1303
33,220100100125,Clothes & Shoes,Clothes,Eclipse Clothing,Big Guy Men's Dri Fit Singlet,US,Eclipse Inc,1303
34,220100100153,Clothes & Shoes,Clothes,Eclipse Clothing,Big Guy Men's Fresh Soft Nylon Pants,US,Eclipse Inc,1303
35,220100100185,Clothes & Shoes,Clothes,Eclipse Clothing,Big Guy Men's Micro Fiber Full Zip Jacket,US,Eclipse Inc,1303
36,220100100189,Clothes & Shoes,Clothes,Eclipse Clothing,Big Guy Men's Micro Fibre Jacket,US,Eclipse Inc,1303
37,220100100192,Clothes & Shoes,Clothes,Eclipse Clothing,Big Guy Men's Micro Fibre Shorts XXL,US,Eclipse Inc,1303
38,220100100197,Clothes & Shoes,Clothes,Eclipse Clothing,Big Guy Men's Mid Layer Jacket,US,Eclipse Inc,1303
39,220100100235,Clothes & Shoes,Clothes,Eclipse Clothing,Big Guy Men's Running Shorts Dri.Fit,US,Eclipse Inc,1303
40,220100100241,Clothes & Shoes,Clothes,Eclipse Clothing,Big Guy Men's Santos Shorts Dri Fit,US,Eclipse Inc,1303
41,220100100272,Clothes & Shoes,Clothes,Eclipse Clothing,Big Guy Men's T-Shirt,US,Eclipse Inc,1303
42,220100100273,Clothes & Shoes,Clothes,Eclipse Clothing,Big Guy Men's T-Shirt Dri Fit,US,Eclipse Inc,1303
43,220100100298,Clothes & Shoes,Clothes,Eclipse Clothing,Big Guy Men's Twill Pants Golf,US,Eclipse Inc,1303
44,220100100304,Clothes & Shoes,Clothes,Eclipse Clothing,Big Guy Men's Victory Peach Poplin Pants,US,Eclipse Inc,1303
45,220100100309,Clothes & Shoes,Clothes,Eclipse Clothing,Big Guy Men's Woven Warm Up,US,Eclipse Inc,1303
46,220100100354,Clothes & Shoes,Clothes,Eclipse Clothing,Insu F.I.T Basic,US,Eclipse Inc,1303
47,220100100371,Clothes & Shoes,Clothes,Eclipse Clothing,Northern Fleece Scarf,US,Eclipse Inc,1303
48,220100100410,Clothes & Shoes,Clothes,Eclipse Clothing,Toto Tube Socks,US,Eclipse Inc,1303
49,220100100421,Clothes & Shoes,Clothes,Eclipse Clothing,Trois-fit Running Qtr Socks (Non-Cush),US,Eclipse Inc,1303
50,220100100513,Clothes & Shoes,Clothes,Eclipse Clothing,Woman's Deception Dress,US,Eclipse Inc,1303
51,220100100516,Clothes & Shoes,Clothes,Eclipse Clothing,Woman's Dri Fit Airborne Top,US,Eclipse Inc,1303
52,220100100523,Clothes & Shoes,Clothes,Eclipse Clothing,Woman's Dri-Fit Scoop Neck Bra,US,Eclipse Inc,1303
53,220100100530,Clothes & Shoes,Clothes,Eclipse Clothing,Woman's Emblished Work-Out Pants,US,Eclipse Inc,1303
54,220100100536,Clothes & Shoes,Clothes,Eclipse Clothing,Woman's Foxhole Jacket,US,Eclipse Inc,1303
55,220100100553,Clothes & Shoes,Clothes,Eclipse Clothing,Woman's Short Top Dri Fit,US,Eclipse Inc,1303
56,220100100568,Clothes & Shoes,Clothes,Eclipse Clothing,Woman's Micro Fibre Anorak,US,Eclipse Inc,1303
57,220100100581,Clothes & Shoes,Clothes,Eclipse Clothing,Woman's Out & Sew Airborn Top,US,Eclipse Inc,1303
58,220100100592,Clothes & Shoes,Clothes,Eclipse Clothing,Woman's Short Tights,US,Eclipse Inc,1303
59,220100100609,Clothes & Shoes,Clothes,Eclipse Clothing,Woman's Sweatshirt w/Hood,US,Eclipse Inc,1303
60,220100100617,Clothes & Shoes,Clothes,Eclipse Clothing,Woman's T-Shirt w/Hood,US,Eclipse Inc,1303
61,220100100629,Clothes & Shoes,Clothes,Eclipse Clothing,Woman's Winter Tights,US,Eclipse Inc,1303
62,220100100631,Clothes & Shoes,Clothes,Eclipse Clothing,Woman's Work Out Pants Dri Fit,US,Eclipse Inc,1303
63,220100100635,Clothes & Shoes,Clothes,Eclipse Clothing,Woman's Woven Warm Up,US,Eclipse Inc,1303
64,220100200004,Clothes & Shoes,Clothes,Green Tomato,Green Lime Atletic Socks,US,Green Lime Sports Inc,18139
65,220100300001,Clothes & Shoes,Clothes,Knitwear,Fleece Jacket Compass,US,AllSeasons Outdoor Clothing,772
66,220100300008,Clothes & Shoes,Clothes,Knitwear,Dp Roller High-necked Knit,US,Mayday Inc,4646
67,220100300019,Clothes & Shoes,Clothes,Knitwear,Instyle Pullover Mid w/Small Zipper,US,AllSeasons Outdoor Clothing,772
68,220100300020,Clothes & Shoes,Clothes,Knitwear,Instyle T-Shirt,US,AllSeasons Outdoor Clothing,772
69,220100300025,Clothes & Shoes,Clothes,Knitwear,Lucky Knitwear Wool Sweater,US,AllSeasons Outdoor Clothing,772
70,220100300037,Clothes & Shoes,Clothes,Knitwear,Mayday Resque Fleece Pullover,US,Mayday Inc,4646
71,220100300042,Clothes & Shoes,Clothes,Knitwear,Truls Polar Fleece Cardigan,NO,Truls Sporting Goods,12869
72,220100400005,Clothes & Shoes,Clothes,LSF,Big Guy Men's Air Force 1 Sc,US,Eclipse Inc,1303
73,220100400022,Clothes & Shoes,Clothes,LSF,Ultra M803 Ng Men's Street Shoes,US,Ultra Sporting Goods Inc,5503
74,220100400023,Clothes & Shoes,Clothes,LSF,Ultra W802 All Terrain Women's Shoes,US,Ultra Sporting Goods Inc,5503
75,220100700002,Clothes & Shoes,Clothes,Orion,Dmx 10 Women's Aerobic Shoes,CA,Fuller Trading Co.,16733
76,220100700022,Clothes & Shoes,Clothes,Orion,Alexis Women's Classic Shoes,CA,Fuller Trading Co.,16733
77,220100700023,Clothes & Shoes,Clothes,Orion,Armadillo Road Dmx Men's Running Shoes,CA,Fuller Trading Co.,16733
78,220100700024,Clothes & Shoes,Clothes,Orion,Armadillo Road Dmx Women's Running Shoes,CA,Fuller Trading Co.,16733
79,220100700027,Clothes & Shoes,Clothes,Orion,Duration Women's Trainer Aerobic Shoes,CA,Fuller Trading Co.,16733
80,220100700042,Clothes & Shoes,Clothes,Orion,"Power Women's Dmx Wide, Walking Shoes",CA,Fuller Trading Co.,16733
81,220100700046,Clothes & Shoes,Clothes,Orion,Tcp 6 Men's Running Shoes,CA,Fuller Trading Co.,16733
82,220100700052,Clothes & Shoes,Clothes,Orion,Trooper Ii Dmx-2x Men's Walking Shoes,CA,Fuller Trading Co.,16733
83,220100800001,Clothes & Shoes,Clothes,Orion Clothing,Bra Top Wom.Fitn.Cl,CA,Fuller Trading Co.,16733
84,220100800009,Clothes & Shoes,Clothes,Orion Clothing,Peacock Pants,CA,Fuller Trading Co.,16733
85,220100800040,Clothes & Shoes,Clothes,Orion Clothing,Mick's Men's Cl.Tracksuit,CA,Fuller Trading Co.,16733
86,220100800071,Clothes & Shoes,Clothes,Orion Clothing,Tx Tribe Tank Top,CA,Fuller Trading Co.,16733
87,220100800096,Clothes & Shoes,Clothes,Orion Clothing,Zx Women's Dance Pants,CA,Fuller Trading Co.,16733
88,220100900006,Clothes & Shoes,Clothes,Osprey,Osprey Cabri Micro Suit,US,Triple Sportswear Inc,3664
89,220100900029,Clothes & Shoes,Clothes,Osprey,Osprey Men's King T-Shirt w/Small Logo,US,Triple Sportswear Inc,3664
90,220100900035,Clothes & Shoes,Clothes,Osprey,Osprey Shadow Indoor,US,Triple Sportswear Inc,3664
91,220101000002,Clothes & Shoes,Clothes,Shorts,Carribian Women's Jersey Shorts,US,A Team Sports,3298
92,220101200006,Clothes & Shoes,Clothes,Street Wear,Anthony Bork Maggan 3/4 Long Pique,US,Mayday Inc,4646
93,220101200020,Clothes & Shoes,Clothes,Street Wear,Tyfoon Flex Shorts,AU,Typhoon Clothing,11427
94,220101200025,Clothes & Shoes,Clothes,Street Wear,Tyfoon Ketch T-Shirt,AU,Typhoon Clothing,11427
95,220101200029,Clothes & Shoes,Clothes,Street Wear,Tyfoon Oliver Sweatshirt,AU,Typhoon Clothing,11427
96,220101300001,Clothes & Shoes,Clothes,T-Shirts,"T-Shirt, Short-sleeved, Big Logo",US,A Team Sports,3298
97,220101300012,Clothes & Shoes,Clothes,T-Shirts,Men's T-Shirt Small Logo,US,A Team Sports,3298
98,220101300017,Clothes & Shoes,Clothes,T-Shirts,Toncot Beefy-T Emb T-Shirt,US,A Team Sports,3298
99,220101400004,Clothes & Shoes,Clothes,Tracker Clothes,Badminton Cotton,US,3Top Sports,2963
100,220101400017,Clothes & Shoes,Clothes,Tracker Clothes,Men's Cap,US,3Top Sports,2963
101,220101400018,Clothes & Shoes,Clothes,Tracker Clothes,Men's Running Tee Short Sleeves,US,3Top Sports,2963
102,220101400032,Clothes & Shoes,Clothes,Tracker Clothes,Socks Wmns'Fitness,US,Eclipse Inc,1303
103,220101400047,Clothes & Shoes,Clothes,Tracker Clothes,Swimming Trunks Struc,US,3Top Sports,2963
104,220101400060,Clothes & Shoes,Clothes,Tracker Clothes,2bwet 3 Cb Swimming Trunks,US,3Top Sports,2963
105,220101400061,Clothes & Shoes,Clothes,Tracker Clothes,2bwet 3 Solid Bikini,US,3Top Sports,2963
106,220101400088,Clothes & Shoes,Clothes,Tracker Clothes,Casual Genuine Polo-Shirt,US,3Top Sports,2963
107,220101400091,Clothes & Shoes,Clothes,Tracker Clothes,Casual Genuine Tee,US,3Top Sports,2963
108,220101400092,Clothes & Shoes,Clothes,Tracker Clothes,Casual Logo Men's Sweatshirt,US,3Top Sports,2963
109,220101400098,Clothes & Shoes,Clothes,Tracker Clothes,Casual Sport Shorts,US,3Top Sports,2963
110,220101400117,Clothes & Shoes,Clothes,Tracker Clothes,Casual.st.polo Long-sleeved Polo-shirt,US,3Top Sports,2963
111,220101400130,Clothes & Shoes,Clothes,Tracker Clothes,Comp. Women's Sleeveless Polo,US,3Top Sports,2963
112,220101400138,Clothes & Shoes,Clothes,Tracker Clothes,Dima 2-Layer Men's Suit,US,3Top Sports,2963
113,220101400145,Clothes & Shoes,Clothes,Tracker Clothes,Essence.baseball Cap,US,3Top Sports,2963
114,220101400148,Clothes & Shoes,Clothes,Tracker Clothes,Essence.cap Men's Bag,US,3Top Sports,2963
115,220101400150,Clothes & Shoes,Clothes,Tracker Clothes,Essential Suit 2 Swim Suit,US,3Top Sports,2963
116,220101400152,Clothes & Shoes,Clothes,Tracker Clothes,Essential Trunk 2 Swimming Trunks,US,3Top Sports,2963
117,220101400201,Clothes & Shoes,Clothes,Tracker Clothes,Kaitum Women's Swim Suit,US,3Top Sports,2963
118,220101400216,Clothes & Shoes,Clothes,Tracker Clothes,Mm Daypouch Shoulder Bag,US,3Top Sports,2963
119,220101400237,Clothes & Shoes,Clothes,Tracker Clothes,Mns.jacket Jacket,US,3Top Sports,2963
120,220101400238,Clothes & Shoes,Clothes,Tracker Clothes,Mns.long Tights,US,3Top Sports,2963
121,220101400265,Clothes & Shoes,Clothes,Tracker Clothes,Ottis Pes Men's Pants,US,3Top Sports,2963
122,220101400269,Clothes & Shoes,Clothes,Tracker Clothes,Outfit Women's Shirt,US,3Top Sports,2963
123,220101400276,Clothes & Shoes,Clothes,Tracker Clothes,Pine Sweat with Hood,US,3Top Sports,2963
124,220101400285,Clothes & Shoes,Clothes,Tracker Clothes,Quali Jacket with Hood,US,3Top Sports,2963
125,220101400289,Clothes & Shoes,Clothes,Tracker Clothes,Quali Sweatpant,US,3Top Sports,2963
126,220101400290,Clothes & Shoes,Clothes,Tracker Clothes,Quali Sweatshirt,US,3Top Sports,2963
127,220101400306,Clothes & Shoes,Clothes,Tracker Clothes,Sherpa Pes Shiny Cotton,US,3Top Sports,2963
128,220101400310,Clothes & Shoes,Clothes,Tracker Clothes,Short Women's Tights,US,3Top Sports,2963
129,220101400328,Clothes & Shoes,Clothes,Tracker Clothes,Stars Swim Suit,US,3Top Sports,2963
130,220101400339,Clothes & Shoes,Clothes,Tracker Clothes,Tims Shorts,US,3Top Sports,2963
131,220101400349,Clothes & Shoes,Clothes,Tracker Clothes,Tracker Fitness Stockings,US,3Top Sports,2963
132,220101400363,Clothes & Shoes,Clothes,Tracker Clothes,Brafit Swim Tights,ES,Luna sastreria S.A.,4742
133,220101400373,Clothes & Shoes,Clothes,Tracker Clothes,Jogging Pants  Men's Tracking Pants w/Small L,GB,Greenline Sports Ltd,14682
134,220101400385,Clothes & Shoes,Clothes,Tracker Clothes,N.d.gear Basic T-Shirt,GB,Greenline Sports Ltd,14682
135,220101400387,Clothes & Shoes,Clothes,Tracker Clothes,N.d.gear Cap,GB,Greenline Sports Ltd,14682
136,220200100002,Clothes & Shoes,Shoes,Eclipse Shoes,Cnv Plus Men's Off Court Tennis,US,Eclipse Inc,1303
137,220200100009,Clothes & Shoes,Shoes,Eclipse Shoes,Atmosphere Imara Women's Running Shoes,US,Eclipse Inc,1303
138,220200100012,Clothes & Shoes,Shoes,Eclipse Shoes,Atmosphere Shatter Mid Shoes,US,Eclipse Inc,1303
139,220200100035,Clothes & Shoes,Shoes,Eclipse Shoes,Big Guy Men's Air Deschutz Viii Shoes,US,Eclipse Inc,1303
140,220200100090,Clothes & Shoes,Shoes,Eclipse Shoes,Big Guy Men's Air Terra Reach Shoes,US,Eclipse Inc,1303
141,220200100092,Clothes & Shoes,Shoes,Eclipse Shoes,Big Guy Men's Air Terra Sebec Shoes,US,Eclipse Inc,1303
142,220200100129,Clothes & Shoes,Shoes,Eclipse Shoes,Big Guy Men's International Triax Shoes,US,Eclipse Inc,1303
143,220200100137,Clothes & Shoes,Shoes,Eclipse Shoes,Big Guy Men's Multicourt Ii Shoes,US,Eclipse Inc,1303
144,220200100171,Clothes & Shoes,Shoes,Eclipse Shoes,Woman's Air Amend Mid,US,Eclipse Inc,1303
145,220200100179,Clothes & Shoes,Shoes,Eclipse Shoes,Woman's Air Converge Triax X,US,Eclipse Inc,1303
146,220200100190,Clothes & Shoes,Shoes,Eclipse Shoes,Woman's Air Imara,US,Eclipse Inc,1303
147,220200100202,Clothes & Shoes,Shoes,Eclipse Shoes,Woman's Air Rasp Suede,US,Eclipse Inc,1303
148,220200100226,Clothes & Shoes,Shoes,Eclipse Shoes,Woman's Air Zoom Drive,US,Eclipse Inc,1303
149,220200100229,Clothes & Shoes,Shoes,Eclipse Shoes,Woman's Air Zoom Sterling,US,Eclipse Inc,1303
150,220200200014,Clothes & Shoes,Shoes,Shoes,Dubby Low Men's Street Shoes,SE,Petterson AB,109
151,220200200018,Clothes & Shoes,Shoes,Shoes,Lulu Men's Street Shoes,SE,Petterson AB,109
152,220200200022,Clothes & Shoes,Shoes,Shoes,Pro Fit Gel Ds Trainer Women's Running Shoes,US,Pro Sportswear Inc,1747
153,220200200024,Clothes & Shoes,Shoes,Shoes,Pro Fit Gel Gt 2030 Women's Running Shoes,US,Pro Sportswear Inc,1747
154,220200200035,Clothes & Shoes,Shoes,Shoes,Soft Alta Plus Women's Indoor Shoes,US,Pro Sportswear Inc,1747
155,220200200036,Clothes & Shoes,Shoes,Shoes,Soft Astro Men's Running Shoes,US,Pro Sportswear Inc,1747
156,220200200071,Clothes & Shoes,Shoes,Shoes,Twain Men's Exit Low 2000 Street Shoes,US,Twain Inc,13198
157,220200200073,Clothes & Shoes,Shoes,Shoes,Twain Stf6 Gtx M Men's Trekking Boot,US,Twain Inc,13198
158,220200200077,Clothes & Shoes,Shoes,Shoes,Twain Women's Exit Iii Mid Cd X-Hiking Shoes,US,Twain Inc,13198
159,220200200079,Clothes & Shoes,Shoes,Shoes,Twain Women's Expresso X-Hiking Shoes,US,Twain Inc,13198
160,220200300002,Clothes & Shoes,Shoes,Tracker Shoes,Pytossage Bathing Sandal,US,3Top Sports,2963
161,220200300005,Clothes & Shoes,Shoes,Tracker Shoes,Liga Football Boot,US,3Top Sports,2963
162,220200300015,Clothes & Shoes,Shoes,Tracker Shoes,Men's Running Shoes Piedmmont,US,3Top Sports,2963
163,220200300079,Clothes & Shoes,Shoes,Tracker Shoes,Hilly Women's Crosstrainer Shoes,US,3Top Sports,2963
164,220200300082,Clothes & Shoes,Shoes,Tracker Shoes,Indoor Handbold Special Shoes,US,3Top Sports,2963
165,220200300096,Clothes & Shoes,Shoes,Tracker Shoes,Mns.raptor Precision Sg Football,US,3Top Sports,2963
166,220200300116,Clothes & Shoes,Shoes,Tracker Shoes,South Peak Men's Running Shoes,US,3Top Sports,2963
167,220200300129,Clothes & Shoes,Shoes,Tracker Shoes,Torino Men's Leather Adventure Shoes,US,3Top Sports,2963
168,220200300154,Clothes & Shoes,Shoes,Tracker Shoes,Hardcore Junior/Women's Street Shoes Large,GB,Greenline Sports Ltd,14682
169,220200300157,Clothes & Shoes,Shoes,Tracker Shoes,Hardcore Men's Street Shoes Large,GB,Greenline Sports Ltd,14682
170,230100100006,Outdoors,Outdoors,Anoraks & Parkas,Jacket Nome,ES,Luna sastreria S.A.,4742
171,230100100013,Outdoors,Outdoors,Anoraks & Parkas,Jacket with Removable Fleece,US,AllSeasons Outdoor Clothing,772
172,230100100015,Outdoors,Outdoors,Anoraks & Parkas,Men's Jacket Caians,NO,Scandinavian Clothing A/S,50
173,230100100017,Outdoors,Outdoors,Anoraks & Parkas,Men's Jacket Rem,NO,Scandinavian Clothing A/S,50
174,230100100018,Outdoors,Outdoors,Anoraks & Parkas,Men's Jacket Sandy,ES,Luna sastreria S.A.,4742
175,230100100025,Outdoors,Outdoors,Anoraks & Parkas,Women's Shorts,NO,Scandinavian Clothing A/S,50
176,230100100028,Outdoors,Outdoors,Anoraks & Parkas,4men Men's Polar Down Jacket,US,AllSeasons Outdoor Clothing,772
177,230100100033,Outdoors,Outdoors,Anoraks & Parkas,Big Guy Men's Packable Hiking Shorts,US,Miller Trading Inc,15218
178,230100100045,Outdoors,Outdoors,Anoraks & Parkas,Duwall Pants,US,AllSeasons Outdoor Clothing,772
179,230100100051,Outdoors,Outdoors,Anoraks & Parkas,Lucky Voss Jacket,US,AllSeasons Outdoor Clothing,772
180,230100100053,Outdoors,Outdoors,Anoraks & Parkas,Monster Men's Pants with Zipper,NO,Scandinavian Clothing A/S,50
181,230100100062,Outdoors,Outdoors,Anoraks & Parkas,Topper Pants,US,AllSeasons Outdoor Clothing,772
182,230100100063,Outdoors,Outdoors,Anoraks & Parkas,Tx Peak Parka,US,Miller Trading Inc,15218
183,230100200004,Outdoors,Outdoors,Backpacks,Black/Black,DK,Top Sports,755
184,230100200006,Outdoors,Outdoors,Backpacks,X-Large Bottlegreen/Black,DK,Top Sports,755
185,230100200019,Outdoors,Outdoors,Backpacks,Commanche Women's 6000 Q Backpack. Bark,DK,Top Sports,755
186,230100200022,Outdoors,Outdoors,Backpacks,Expedition Camp Duffle Medium Backpack,US,Miller Trading Inc,15218
187,230100200025,Outdoors,Outdoors,Backpacks,Feelgood 55-75 Litre Black Women's Backpack,AU,Toto Outdoor Gear,10692
188,230100200029,Outdoors,Outdoors,Backpacks,Jaguar 50-75 Liter Blue Women's Backpack,AU,Toto Outdoor Gear,10692
189,230100200043,Outdoors,Outdoors,Backpacks,Medium Black/Bark Backpack,DK,Top Sports,755
190,230100200047,Outdoors,Outdoors,Backpacks,Medium Gold Black/Gold Backpack,DK,Top Sports,755
191,230100200048,Outdoors,Outdoors,Backpacks,Medium Olive Olive/Black Backpack,DK,Top Sports,755
192,230100200054,Outdoors,Outdoors,Backpacks,Trekker 65 Royal Men's Backpack,AU,Toto Outdoor Gear,10692
193,230100200056,Outdoors,Outdoors,Backpacks,Victor Grey/Olive Women's Backpack,DK,Top Sports,755
194,230100200059,Outdoors,Outdoors,Backpacks,Deer Backpack,ES,Luna sastreria S.A.,4742
195,230100200066,Outdoors,Outdoors,Backpacks,Deer Waist Bag,ES,Luna sastreria S.A.,4742
196,230100200073,Outdoors,Outdoors,Backpacks,Hammock Sports Bag,ES,Luna sastreria S.A.,4742
197,230100200074,Outdoors,Outdoors,Backpacks,Sioux Men's Backpack 26 Litre.,US,Miller Trading Inc,15218
198,230100300006,Outdoors,Outdoors,Gloves & Mittens,Gloves Le Fly Mitten,PT,Magnifico Sports,1684
199,230100300010,Outdoors,Outdoors,Gloves & Mittens,Massif Dual Gloves,FR,Massif S.A.,13199
200,230100300013,Outdoors,Outdoors,Gloves & Mittens,Montana Adult Gloves,SE,Svensson Trading AB,6355
201,230100300023,Outdoors,Outdoors,Gloves & Mittens,Scania Unisex Gloves,SE,Svensson Trading AB,6355
202,230100400007,Outdoors,Outdoors,Knitted Accessories,Breaker Commandos Cap,DK,Norsok A/S,4793
203,230100400010,Outdoors,Outdoors,Knitted Accessories,Breaker Frozen Husky Hat,DK,Norsok A/S,4793
204,230100400012,Outdoors,Outdoors,Knitted Accessories,Breaker Russia Cap,DK,Norsok A/S,4793
205,230100400025,Outdoors,Outdoors,Knitted Accessories,Mayday Serious Headband,US,Mayday Inc,4646
206,230100500004,Outdoors,Outdoors,Outdoor Gear,"Backpack Flag, 6,5x9 Cm.",GB,Prime Sports Ltd,316
207,230100500006,Outdoors,Outdoors,Outdoor Gear,Collapsible Water Can,GB,Prime Sports Ltd,316
208,230100500008,Outdoors,Outdoors,Outdoor Gear,Dome Tent Monodome Alu,GB,Prime Sports Ltd,316
209,230100500012,Outdoors,Outdoors,Outdoor Gear,Inflatable 3.5,GB,Prime Sports Ltd,316
210,230100500013,Outdoors,Outdoors,Outdoor Gear,Lamp with Battery Box,GB,Prime Sports Ltd,316
211,230100500016,Outdoors,Outdoors,Outdoor Gear,"Money Purse, Black",DK,Top Sports,755
212,230100500020,Outdoors,Outdoors,Outdoor Gear,Pocket Light with Crypton Bulb,GB,Prime Sports Ltd,316
213,230100500023,Outdoors,Outdoors,Outdoor Gear,Proofing Spray,GB,Prime Sports Ltd,316
214,230100500024,Outdoors,Outdoors,Outdoor Gear,"Small Belt Bag, Black",DK,Top Sports,755
215,230100500026,Outdoors,Outdoors,Outdoor Gear,Trekking Tent,GB,Prime Sports Ltd,316
216,230100500045,Outdoors,Outdoors,Outdoor Gear,Cup Picnic Mug 25 Cl.,GB,Prime Sports Ltd,316
217,230100500056,Outdoors,Outdoors,Outdoor Gear,Knife,US,KN Outdoor Trading Inc,4718
218,230100500058,Outdoors,Outdoors,Outdoor Gear,Mattress with 5 channels 196x72,GB,Prime Sports Ltd,316
219,230100500066,Outdoors,Outdoors,Outdoor Gear,Outback Spirits Kitchen,GB,Prime Sports Ltd,316
220,230100500068,Outdoors,Outdoors,Outdoor Gear,Plate Picnic Deep,GB,Prime Sports Ltd,316
221,230100500072,Outdoors,Outdoors,Outdoor Gear,Single Full Box Madras honeycomb-weave,GB,Prime Sports Ltd,316
222,230100500074,Outdoors,Outdoors,Outdoor Gear,"Tent Milano Tent,4 Persons, about 4.8",GB,Prime Sports Ltd,316
223,230100500077,Outdoors,Outdoors,Outdoor Gear,Jl Legacy Curig I.A.Jacket,US,AllSeasons Outdoor Clothing,772
224,230100500080,Outdoors,Outdoors,Outdoor Gear,Jl Rainlight Essential Pants,US,AllSeasons Outdoor Clothing,772
225,230100500081,Outdoors,Outdoors,Outdoor Gear,Lucky Tech Classic Rain Pants,US,AllSeasons Outdoor Clothing,772
226,230100500082,Outdoors,Outdoors,Outdoor Gear,Lucky Tech Intergal Wp/B Rain Pants,US,AllSeasons Outdoor Clothing,772
227,230100500087,Outdoors,Outdoors,Outdoor Gear,Mayday Qd Zip Pants,US,Mayday Inc,4646
228,230100500091,Outdoors,Outdoors,Outdoor Gear,Mayday Soul Ht Jacket,US,Mayday Inc,4646
229,230100500092,Outdoors,Outdoors,Outdoor Gear,Mayday Sports Pullover,US,Mayday Inc,4646
230,230100500093,Outdoors,Outdoors,Outdoor Gear,Mayday W'S Sports Pullover,US,Mayday Inc,4646
231,230100500094,Outdoors,Outdoors,Outdoor Gear,"Men's Pants, Basic",US,Mayday Inc,4646
232,230100500095,Outdoors,Outdoors,Outdoor Gear,Men's Sports Pullover,US,Mayday Inc,4646
233,230100500096,Outdoors,Outdoors,Outdoor Gear,Rain Jacket,US,AllSeasons Outdoor Clothing,772
234,230100500101,Outdoors,Outdoors,Outdoor Gear,Ultra Ht Lightning Set,US,AllSeasons Outdoor Clothing,772
235,230100600003,Outdoors,Outdoors,Sleepingbags,"Sheet Sleeping Bag, Red",GB,Outback Outfitters Ltd,16422
236,230100600005,Outdoors,Outdoors,Sleepingbags,"Basic 10, Left , Yellow/Black",DK,Top Sports,755
237,230100600015,Outdoors,Outdoors,Sleepingbags,"Expedition Zero,Medium,Left,Charcoal",DK,Top Sports,755
238,230100600016,Outdoors,Outdoors,Sleepingbags,"Expedition Zero,Medium,Right,Charcoal",DK,Top Sports,755
239,230100600017,Outdoors,Outdoors,Sleepingbags,"Expedition Zero,Small,Left,Charcoal",DK,Top Sports,755
240,230100600018,Outdoors,Outdoors,Sleepingbags,"Expedition Zero,Small,Right,Charcoal",DK,Top Sports,755
241,230100600022,Outdoors,Outdoors,Sleepingbags,"Expedition10,Medium,Right,Blue Ribbon",DK,Top Sports,755
242,230100600023,Outdoors,Outdoors,Sleepingbags,"Expedition 10,Small,Left,Blue Ribbon",DK,Top Sports,755
243,230100600024,Outdoors,Outdoors,Sleepingbags,"Expedition 10,Small,Right,Blue Ribbon",DK,Top Sports,755
244,230100600026,Outdoors,Outdoors,Sleepingbags,"Expedition 20,Large,Right,Forestgreen",DK,Top Sports,755
245,230100600028,Outdoors,Outdoors,Sleepingbags,"Expedition 20,Medium,Right,Forestgreen",DK,Top Sports,755
246,230100600030,Outdoors,Outdoors,Sleepingbags,"Outback Sleeping Bag, Large,Left,Blue/Black",DK,Top Sports,755
247,230100600031,Outdoors,Outdoors,Sleepingbags,"Outback Sleeping Bag, Large,Right, Blue/Black",DK,Top Sports,755
248,230100600035,Outdoors,Outdoors,Sleepingbags,"Polar Bear Sleeping mat, Olive Green",GB,Outback Outfitters Ltd,16422
249,230100600036,Outdoors,Outdoors,Sleepingbags,Tent Summer 195 Twin Sleeping Bag,GB,Outback Outfitters Ltd,16422
250,230100600038,Outdoors,Outdoors,Sleepingbags,Tipee Summer Sleeping Bag,GB,Outback Outfitters Ltd,16422
251,230100600039,Outdoors,Outdoors,Sleepingbags,Tipee Twin Blue/Orange,GB,Outback Outfitters Ltd,16422
252,230100700002,Outdoors,Outdoors,Tents,Comfort Shelter,GB,Outback Outfitters Ltd,16422
253,230100700004,Outdoors,Outdoors,Tents,Expedition Dome 3,GB,Outback Outfitters Ltd,16422
254,230100700008,Outdoors,Outdoors,Tents,Family Holiday 4,SE,Petterson AB,109
255,230100700009,Outdoors,Outdoors,Tents,Family Holiday 6,SE,Petterson AB,109
256,230100700011,Outdoors,Outdoors,Tents,Hurricane 4,SE,Petterson AB,109
257,240100100029,Sports,Assorted Sports Articles,Assorted Sports articles,Buzz Saw,CA,CrystalClear Optics Inc,16814
258,240100100031,Sports,Assorted Sports Articles,Assorted Sports articles,Capsy Hood,US,Nautlius SportsWear Inc,6153
259,240100100063,Sports,Assorted Sports Articles,Assorted Sports articles,Grey Met.,CA,CrystalClear Optics Inc,16814
260,240100100065,Sports,Assorted Sports Articles,Assorted Sports articles,Grey,CA,CrystalClear Optics Inc,16814
261,240100100148,Sports,Assorted Sports Articles,Assorted Sports articles,Wood Box for 6 Balls,GB,Royal Darts Ltd,4514
262,240100100159,Sports,Assorted Sports Articles,Assorted Sports articles,A-team Smoothsport Bra,US,A Team Sports,3298
263,240100100184,Sports,Assorted Sports Articles,Assorted Sports articles,Barret 2.12 Men's Softboot,US,Roll-Over Inc,3815
264,240100100186,Sports,Assorted Sports Articles,Assorted Sports articles,Barret 3.1 Women's Softboot,US,Roll-Over Inc,3815
265,240100100232,Sports,Assorted Sports Articles,Assorted Sports articles,Dartsharpener Key ring,GB,Royal Darts Ltd,4514
266,240100100305,Sports,Assorted Sports Articles,Assorted Sports articles,Hiclass Mundo 78a 36x72mm Pink-Swirl,US,Roll-Over Inc,3815
267,240100100312,Sports,Assorted Sports Articles,Assorted Sports articles,Hot Mini Backboard Bulls,NL,Van Dammeren International,2995
268,240100100354,Sports,Assorted Sports Articles,Assorted Sports articles,Mk Splinter 66 5m 88a Pea.,PT,Magnifico Sports,1684
269,240100100365,Sports,Assorted Sports Articles,Assorted Sports articles,Northern Coach,GB,EA Sports Limited,12283
270,240100100366,Sports,Assorted Sports Articles,Assorted Sports articles,Northern Liquid Belt with Bottle,GB,EA Sports Limited,12283
271,240100100403,Sports,Assorted Sports Articles,Assorted Sports articles,Proskater Viablade Tx Women's Fitness,US,Roll-Over Inc,3815
272,240100100410,Sports,Assorted Sports Articles,Assorted Sports articles,Prosoccer  Club Football 4/32 (Replica) Synth,US,Teamsports Inc,5810
273,240100100433,Sports,Assorted Sports Articles,Assorted Sports articles,Shoelace White 150 Cm,US,Teamsports Inc,5810
274,240100100434,Sports,Assorted Sports Articles,Assorted Sports articles,Shoeshine Black,CA,CrystalClear Optics Inc,16814
275,240100100463,Sports,Assorted Sports Articles,Assorted Sports articles,Sparkle Spray Orange,CA,CrystalClear Optics Inc,16814
276,240100100477,Sports,Assorted Sports Articles,Assorted Sports articles,Stout Brass 18 Gram,GB,Royal Darts Ltd,4514
277,240100100508,Sports,Assorted Sports Articles,Assorted Sports articles,Top Elite Kit Small,US,Roll-Over Inc,3815
278,240100100535,Sports,Assorted Sports Articles,Assorted Sports articles,Victor 76 76mm Optics Blue,PT,Magnifico Sports,1684
279,240100100581,Sports,Assorted Sports Articles,Assorted Sports articles,Eliza T-Shirt,ES,Luna sastreria S.A.,4742
280,240100100605,Sports,Assorted Sports Articles,Assorted Sports articles,Fred T-Shirt,ES,Luna sastreria S.A.,4742
281,240100100610,Sports,Assorted Sports Articles,Assorted Sports articles,Goodtime Bag,ES,Luna sastreria S.A.,4742
282,240100100615,Sports,Assorted Sports Articles,Assorted Sports articles,Goodtime Toilet Bag,ES,Luna sastreria S.A.,4742
283,240100100646,Sports,Assorted Sports Articles,Assorted Sports articles,Lyon Men's Jacket,ES,Luna sastreria S.A.,4742
284,240100100654,Sports,Assorted Sports Articles,Assorted Sports articles,Montevideo Men's Shorts,ES,Luna sastreria S.A.,4742
285,240100100665,Sports,Assorted Sports Articles,Assorted Sports articles,Pool Shorts,ES,Luna sastreria S.A.,4742
286,240100100672,Sports,Assorted Sports Articles,Assorted Sports articles,Ribstop Jacket,ES,Luna sastreria S.A.,4742
287,240100100676,Sports,Assorted Sports Articles,Assorted Sports articles,Roth T-Shirt,ES,Luna sastreria S.A.,4742
288,240100100679,Sports,Assorted Sports Articles,Assorted Sports articles,Saturn Big Bag,ES,Luna sastreria S.A.,4742
289,240100100690,Sports,Assorted Sports Articles,Assorted Sports articles,Shirt Termir,ES,Luna sastreria S.A.,4742
290,240100100703,Sports,Assorted Sports Articles,Assorted Sports articles,Stream Sweatshirt with Tube,ES,Luna sastreria S.A.,4742
291,240100100714,Sports,Assorted Sports Articles,Assorted Sports articles,Tybor Sweatshirt with Hood,ES,Luna sastreria S.A.,4742
292,240100100734,Sports,Assorted Sports Articles,Assorted Sports articles,Wyoming Men's Socks,ES,Luna sastreria S.A.,4742
293,240100100737,Sports,Assorted Sports Articles,Assorted Sports articles,Wyoming Men's T-Shirt with V-Neck,ES,Luna sastreria S.A.,4742
294,240100200001,Sports,Assorted Sports Articles,Darts,Aim4it 16 Gram Softtip Pil,GB,Royal Darts Ltd,4514
295,240100200004,Sports,Assorted Sports Articles,Darts,Aim4it 80% Tungsten 22 Gram,GB,Royal Darts Ltd,4514
296,240100200014,Sports,Assorted Sports Articles,Darts,Pacific 95% 23 Gram,GB,Royal Darts Ltd,4514
297,240100400004,Sports,Assorted Sports Articles,Skates,Children's Roller Skates,PT,Magnifico Sports,1684
298,240100400005,Sports,Assorted Sports Articles,Skates,Cool Fit Men's Roller Skates,US,Twain Inc,13198
299,240100400006,Sports,Assorted Sports Articles,Skates,Cool Fit Women's Roller Skates,US,Twain Inc,13198
300,240100400037,Sports,Assorted Sports Articles,Skates,N.d.gear Roller Skates Ff80 80 millimetre78a,PT,Magnifico Sports,1684
301,240100400043,Sports,Assorted Sports Articles,Skates,Perfect Fit Men's  Roller Skates,US,Twain Inc,13198
302,240100400044,Sports,Assorted Sports Articles,Skates,Perfect Fit Men's Roller Skates,US,Twain Inc,13198
303,240100400046,Sports,Assorted Sports Articles,Skates,Perfect Fit Men's Stunt Skates,US,Twain Inc,13198
304,240100400049,Sports,Assorted Sports Articles,Skates,Perfect Fit Women's Roller Skates Custom,US,Twain Inc,13198
305,240100400058,Sports,Assorted Sports Articles,Skates,Pro-roll Hot Rod Roller Skates,PT,Magnifico Sports,1684
306,240100400062,Sports,Assorted Sports Articles,Skates,Pro-roll Lazer Roller Skates,PT,Magnifico Sports,1684
307,240100400069,Sports,Assorted Sports Articles,Skates,Pro-roll Panga Roller Skates,PT,Magnifico Sports,1684
308,240100400070,Sports,Assorted Sports Articles,Skates,Pro-roll Sabotage-Rp  Roller Skates,PT,Magnifico Sports,1684
309,240100400076,Sports,Assorted Sports Articles,Skates,Pro-roll Sq9 80-76mm/78a Roller Skates,PT,Magnifico Sports,1684
310,240100400080,Sports,Assorted Sports Articles,Skates,Proskater Kitalpha Gamma Roller Skates,US,Roll-Over Inc,3815
311,240100400083,Sports,Assorted Sports Articles,Skates,Proskater Viablade S Roller Skates,US,Roll-Over Inc,3815
312,240100400085,Sports,Assorted Sports Articles,Skates,Proskater W-500 Jr.Roller Skates,US,Roll-Over Inc,3815
313,240100400095,Sports,Assorted Sports Articles,Skates,Rollerskate Roller Skates Control Xi Adult,PT,Magnifico Sports,1684
314,240100400098,Sports,Assorted Sports Articles,Skates,Rollerskate  Roller Skates Ex9 76mm/78a Biofl,PT,Magnifico Sports,1684
315,240100400100,Sports,Assorted Sports Articles,Skates,Rollerskate Roller Skates Gretzky Mvp S.B.S,PT,Magnifico Sports,1684
316,240100400112,Sports,Assorted Sports Articles,Skates,Rollerskate Roller Skates Panga 72mm/78a,PT,Magnifico Sports,1684
317,240100400125,Sports,Assorted Sports Articles,Skates,Rollerskate Roller Skates Sq5 76mm/78a,PT,Magnifico Sports,1684
318,240100400128,Sports,Assorted Sports Articles,Skates,Rollerskate Roller Skates Sq7-Ls 76mm/78a,PT,Magnifico Sports,1684
319,240100400129,Sports,Assorted Sports Articles,Skates,Rollerskate Roller Skates Sq9 80-76mm/78a,PT,Magnifico Sports,1684
320,240100400136,Sports,Assorted Sports Articles,Skates,Rollerskate Roller Skates Xpander,PT,Magnifico Sports,1684
321,240100400142,Sports,Assorted Sports Articles,Skates,Twain Ac7/Ft7 Men's Roller Skates,US,Twain Inc,13198
322,240100400143,Sports,Assorted Sports Articles,Skates,Twain Ac7/Ft7 Women's Roller Skates,US,Twain Inc,13198
323,240100400147,Sports,Assorted Sports Articles,Skates,Twain Tr7 Men's Roller Skates,US,Twain Inc,13198
324,240100400151,Sports,Assorted Sports Articles,Skates,Weston F4 Men's Hockey Skates,US,Roll-Over Inc,3815
325,240200100007,Sports,Golf,Golf,Ball Bag,NL,Van Dammeren International,2995
326,240200100020,Sports,Golf,Golf,Red/White/Black Staff 9 Bag,GB,GrandSlam Sporting Goods Ltd,17832
327,240200100021,Sports,Golf,Golf,Tee Holder,NL,Van Dammeren International,2995
328,240200100034,Sports,Golf,Golf,Bb Softspikes - Xp 22-pack,GB,TeeTime Ltd,15938
329,240200100043,Sports,Golf,Golf,Bretagne Performance Tg Men's Golf Shoes L.,NL,Van Dammeren International,2995
330,240200100046,Sports,Golf,Golf,"Bretagne Soft-Tech Men's Glove, left",NL,Van Dammeren International,2995
331,240200100050,Sports,Golf,Golf,"Bretagne St2 Men's Golf Glove, left",NL,Van Dammeren International,2995
332,240200100051,Sports,Golf,Golf,Bretagne Stabilites 2000 Goretex Shoes,NL,Van Dammeren International,2995
333,240200100052,Sports,Golf,Golf,Bretagne Stabilities Tg Men's Golf Shoes,NL,Van Dammeren International,2995
334,240200100053,Sports,Golf,Golf,Bretagne Stabilities Women's Golf Shoes,NL,Van Dammeren International,2995
335,240200100056,Sports,Golf,Golf,Carolina,US,Carolina Sports,3808
336,240200100057,Sports,Golf,Golf,Carolina II,US,Carolina Sports,3808
337,240200100073,Sports,Golf,Golf,Donald Plush Headcover,GB,TeeTime Ltd,15938
338,240200100076,Sports,Golf,Golf,Expert Men's Firesole Driver,US,Twain Inc,13198
339,240200100081,Sports,Golf,Golf,Extreme Distance 90 3-pack,US,Carolina Sports,3808
340,240200100095,Sports,Golf,Golf,Grandslam Staff Fs Copper Insert Putter,GB,GrandSlam Sporting Goods Ltd,17832
341,240200100098,Sports,Golf,Golf,Grandslam Staff Grip Llh Golf Gloves,US,Carolina Sports,3808
342,240200100101,Sports,Golf,Golf,Grandslam Staff Tour Mhl Golf Gloves,US,Carolina Sports,3808
343,240200100116,Sports,Golf,Golf,Hi-fly Intimidator Ti R80/10,NL,Van Dammeren International,2995
344,240200100118,Sports,Golf,Golf,Hi-fly Intrepid Stand 8  Black,NL,Van Dammeren International,2995
345,240200100124,Sports,Golf,Golf,Hi-fly Staff Towel Blue/Black,NL,Van Dammeren International,2995
346,240200100131,Sports,Golf,Golf,Hi-fly Tour Advance Flex Steel,NL,Van Dammeren International,2995
347,240200100154,Sports,Golf,Golf,"Men's.m Men's Winter Gloves, Medium",NL,Van Dammeren International,2995
348,240200100157,Sports,Golf,Golf,Normal Standard,GB,TeeTime Ltd,15938
349,240200100164,Sports,Golf,Golf,Precision Jack 309 Lh Balata,GB,GrandSlam Sporting Goods Ltd,17832
350,240200100173,Sports,Golf,Golf,Proplay Executive Bi-Metal Graphite,NL,Van Dammeren International,2995
351,240200100180,Sports,Golf,Golf,Proplay Men's Tour Force Lp 7-Wood,NL,Van Dammeren International,2995
352,240200100181,Sports,Golf,Golf,Proplay Men's Tour Force Lp Driver,NL,Van Dammeren International,2995
353,240200100183,Sports,Golf,Golf,Proplay Men's Tour Force Ti 5w,NL,Van Dammeren International,2995
354,240200100207,Sports,Golf,Golf,Proplay Stand Black,NL,Van Dammeren International,2995
355,240200100211,Sports,Golf,Golf,Proplay Women's Tour Force 7w,NL,Van Dammeren International,2995
356,240200100221,Sports,Golf,Golf,Rosefinch Cart 8 1/2  Black,NL,Van Dammeren International,2995
357,240200100225,Sports,Golf,Golf,Rubby Men's Golf Shoes w/Goretex,ES,Rubby Zapatos S.A.,4168
358,240200100226,Sports,Golf,Golf,Rubby Men's Golf Shoes w/Goretex Plain Toe,ES,Rubby Zapatos S.A.,4168
359,240200100227,Sports,Golf,Golf,Rubby Women's Golf Shoes w/Gore-Tex,ES,Rubby Zapatos S.A.,4168
360,240200100230,Sports,Golf,Golf,Score Counter Scoreboard De Luxe,NL,Van Dammeren International,2995
361,240200100232,Sports,Golf,Golf,Tee18 Ascot Chipper,NL,Van Dammeren International,2995
362,240200100233,Sports,Golf,Golf,Tee18 Troon 7  Black,NL,Van Dammeren International,2995
363,240200100246,Sports,Golf,Golf,"White 90,Top.Flite Strata Tour 3-pack",NL,Van Dammeren International,2995
364,240200200007,Sports,Golf,Golf Clothes,Golf Polo(1/400),US,Mike Schaeffer Inc,7511
365,240200200011,Sports,Golf,Golf Clothes,Golf Windstopper,US,Mike Schaeffer Inc,7511
366,240200200013,Sports,Golf,Golf Clothes,Master Golf Rain Suit,US,Mike Schaeffer Inc,7511
367,240200200015,Sports,Golf,Golf Clothes,Tek Cap,US,Twain Inc,13198
368,240200200020,Sports,Golf,Golf Clothes,Big Boss Houston Pants,US,Mike Schaeffer Inc,7511
369,240200200024,Sports,Golf,Golf Clothes,Bogie Golf Fleece with small Zipper,US,Mike Schaeffer Inc,7511
370,240200200026,Sports,Golf,Golf Clothes,Eagle 5 Pocket Pants with Stretch,US,HighPoint Trading,10225
371,240200200035,Sports,Golf,Golf Clothes,Eagle Pants with Cross Pocket,US,HighPoint Trading,10225
372,240200200039,Sports,Golf,Golf Clothes,Eagle Plain Cap,US,HighPoint Trading,10225
373,240200200044,Sports,Golf,Golf Clothes,Eagle Polo-Shirt Interlock,US,HighPoint Trading,10225
374,240200200060,Sports,Golf,Golf Clothes,Eagle Windstopper Knit Neck,US,HighPoint Trading,10225
375,240200200061,Sports,Golf,Golf Clothes,Eagle Windstopper Sweat Neck,US,HighPoint Trading,10225
376,240200200068,Sports,Golf,Golf Clothes,Hi-fly Staff Rain Suit,NL,Van Dammeren International,2995
377,240200200071,Sports,Golf,Golf Clothes,Hi-fly Strata Cap Offwhite/Green,NL,Van Dammeren International,2995
378,240200200080,Sports,Golf,Golf Clothes,Release Golf Sweatshirt w/Logo(1/100),US,Mike Schaeffer Inc,7511
379,240200200081,Sports,Golf,Golf Clothes,Top (1/100),US,Mike Schaeffer Inc,7511
380,240200200091,Sports,Golf,Golf Clothes,Wind Proof Windstopper Merino/Acryl,US,HighPoint Trading,10225
381,240300100001,Sports,Indoor Sports,Fitness,Abdomen Shaper,NL,TrimSport B.V.,16542
382,240300100020,Sports,Indoor Sports,Fitness,Fitness Dumbbell Foam 0.90,NL,TrimSport B.V.,16542
383,240300100028,Sports,Indoor Sports,Fitness,Letour Heart Bike,NL,TrimSport B.V.,16542
384,240300100032,Sports,Indoor Sports,Fitness,Letour Trimag Bike,NL,TrimSport B.V.,16542
385,240300100046,Sports,Indoor Sports,Fitness,Weight  5.0 Kg,NL,TrimSport B.V.,16542
386,240300100048,Sports,Indoor Sports,Fitness,Wrist Weight 1.10 Kg,NL,TrimSport B.V.,16542
387,240300100049,Sports,Indoor Sports,Fitness,Wrist Weight  2.25 Kg,NL,TrimSport B.V.,16542
388,240300200009,Sports,Indoor Sports,Gymnastic Clothing,Blues Jazz Pants Suplex,ES,Sportico,798
389,240300200018,Sports,Indoor Sports,Gymnastic Clothing,Cougar Fleece Jacket with Zipper,US,SD Sporting Goods Inc,13710
390,240300200058,Sports,Indoor Sports,Gymnastic Clothing,Cougar Windbreaker Vest,US,SD Sporting Goods Inc,13710
391,240300300024,Sports,Indoor Sports,Top Trim,Men's Summer Shorts,US,Top Sports Inc,14648
392,240300300065,Sports,Indoor Sports,Top Trim,Top Men's Goretex Ski Pants,US,Top Sports Inc,14648
393,240300300070,Sports,Indoor Sports,Top Trim,Top Men's R&D Ultimate Jacket,US,Top Sports Inc,14648
394,240300300071,Sports,Indoor Sports,Top Trim,Top Men's Retro T-Neck,US,Top Sports Inc,14648
395,240300300090,Sports,Indoor Sports,Top Trim,Top R&D Long Jacket,US,Top Sports Inc,14648
396,240400200003,Sports,Racket Sports,Racket Sports,Bat 5-Ply,US,Carolina Sports,3808
397,240400200012,Sports,Racket Sports,Racket Sports,Sledgehammer 120 Ph Black,GB,GrandSlam Sporting Goods Ltd,17832
398,240400200022,Sports,Racket Sports,Racket Sports,Aftm 95 Vf Long Bg-65 White,GB,British Sports Ltd,1280
399,240400200036,Sports,Racket Sports,Racket Sports,Bag  Tit.Weekend,FR,Le Blanc S.A.,13079
400,240400200057,Sports,Racket Sports,Racket Sports,Grandslam Ultra Power Tennisketcher,GB,GrandSlam Sporting Goods Ltd,17832
401,240400200066,Sports,Racket Sports,Racket Sports,"Memhis 350,Yellow Medium, 6-pack tube",GB,British Sports Ltd,1280
402,240400200091,Sports,Racket Sports,Racket Sports,Smasher Rd Ti 70 Tennis Racket,GB,British Sports Ltd,1280
403,240400200093,Sports,Racket Sports,Racket Sports,Smasher Super Rq Ti 350 Tennis Racket,GB,British Sports Ltd,1280
404,240400200094,Sports,Racket Sports,Racket Sports,Smasher Super Rq Ti 700 Long Tennis,GB,British Sports Ltd,1280
405,240400200097,Sports,Racket Sports,Racket Sports,Smasher Tg 70 Tennis String Roll,GB,British Sports Ltd,1280
406,240400300013,Sports,Racket Sports,Tennis,Anthony Women's Tennis Cable Vest,US,Mayday Inc,4646
407,240400300033,Sports,Racket Sports,Tennis,Smasher Polo-Shirt w/V-Neck,GB,British Sports Ltd,1280
408,240400300035,Sports,Racket Sports,Tennis,Smasher Shorts,GB,British Sports Ltd,1280
409,240400300039,Sports,Racket Sports,Tennis,Smasher Tights,GB,British Sports Ltd,1280
410,240500100004,Sports,Running - Jogging,Jogging,Pants N,ES,Luna sastreria S.A.,4742
411,240500100015,Sports,Running - Jogging,Jogging,A-team Pants Taffeta,US,A Team Sports,3298
412,240500100017,Sports,Running - Jogging,Jogging,"A-team Sweat Round Neck, Small Logo",US,A Team Sports,3298
413,240500100026,Sports,Running - Jogging,Jogging,"Men's Sweat Pants without Rib, Small Logo",US,A Team Sports,3298
414,240500100029,Sports,Running - Jogging,Jogging,Men's Sweatshirt w/Hood Big Logo,US,A Team Sports,3298
415,240500100039,Sports,Running - Jogging,Jogging,Sweatshirt Women's Sweatshirt with O-Neck,US,A Team Sports,3298
416,240500100041,Sports,Running - Jogging,Jogging,Triffy Jacket,NL,Triffy B.V.,13314
417,240500100043,Sports,Running - Jogging,Jogging,Triffy Logo T-Shirt with V-Neck,NL,Triffy B.V.,13314
418,240500100057,Sports,Running - Jogging,Jogging,"Woman Sweat with Round Neck, Big Logo",US,A Team Sports,3298
419,240500100062,Sports,Running - Jogging,Jogging,Ypsilon Men's Sweatshirt w/Piping,FR,Ypsilon S.A.,14624
420,240500200003,Sports,Running - Jogging,Running Clothes,Men's Singlet,BE,Force Sports,5922
421,240500200007,Sports,Running - Jogging,Running Clothes,Running Gloves,BE,Force Sports,5922
422,240500200016,Sports,Running - Jogging,Running Clothes,T-Shirt,US,3Top Sports,2963
423,240500200042,Sports,Running - Jogging,Running Clothes,Bike.Pants Short Biking Pants,BE,Force Sports,5922
424,240500200056,Sports,Running - Jogging,Running Clothes,Breath-brief Long Underpants XXL,BE,Force Sports,5922
425,240500200073,Sports,Running - Jogging,Running Clothes,Force Classic Men's Jacket,BE,Force Sports,5922
426,240500200081,Sports,Running - Jogging,Running Clothes,Force Micro Men's Suit,BE,Force Sports,5922
427,240500200082,Sports,Running - Jogging,Running Clothes,Force Short Sprinter Men's Tights,BE,Force Sports,5922
428,240500200083,Sports,Running - Jogging,Running Clothes,Force Technical Jacket w/Coolmax,BE,Force Sports,5922
429,240500200093,Sports,Running - Jogging,Running Clothes,Maxrun Running Tights,BE,Force Sports,5922
430,240500200100,Sports,Running - Jogging,Running Clothes,Original Running Pants,BE,Force Sports,5922
431,240500200101,Sports,Running - Jogging,Running Clothes,Polar Jacket,BE,Force Sports,5922
432,240500200121,Sports,Running - Jogging,Running Clothes,Stout Running Shorts,BE,Force Sports,5922
433,240500200122,Sports,Running - Jogging,Running Clothes,Stout Running Shorts Micro,BE,Force Sports,5922
434,240500200130,Sports,Running - Jogging,Running Clothes,Topline Delphi Race Shorts,BE,Force Sports,5922
435,240600100010,Sports,Swim Sports,Bathing Suits,"Goggles, Assorted Colours",US,Nautlius SportsWear Inc,6153
436,240600100016,Sports,Swim Sports,Bathing Suits,Swim Suit Fabulo,US,Nautlius SportsWear Inc,6153
437,240600100017,Sports,Swim Sports,Bathing Suits,Swim Suit Laurel,ES,Luna sastreria S.A.,4742
438,240600100080,Sports,Swim Sports,Bathing Suits,Sharky Swimming Trunks,US,Dolphin Sportswear Inc,16292
439,240600100102,Sports,Swim Sports,Bathing Suits,Sunfit Luffa Bikini,US,Nautlius SportsWear Inc,6153
440,240600100181,Sports,Swim Sports,Bathing Suits,Milan Swimming Trunks,ES,Luna sastreria S.A.,4742
441,240600100185,Sports,Swim Sports,Bathing Suits,Pew Swimming Trunks,ES,Luna sastreria S.A.,4742
442,240700100001,Sports,Team Sports,American Football,Armour L,US,A Team Sports,3298
443,240700100004,Sports,Team Sports,American Football,Armour XL,US,A Team Sports,3298
444,240700100007,Sports,Team Sports,American Football,Football - Helmet M,US,A Team Sports,3298
445,240700100011,Sports,Team Sports,American Football,Football - Helmet Pro XL,US,A Team Sports,3298
446,240700100012,Sports,Team Sports,American Football,Football - Helmet S,US,A Team Sports,3298
447,240700100013,Sports,Team Sports,American Football,Football - Helmet XL,US,A Team Sports,3298
448,240700100017,Sports,Team Sports,American Football,Football Super Bowl,US,Carolina Sports,3808
449,240700200004,Sports,Team Sports,Baseball,Baseball Orange Small,US,Top Sports Inc,14648
450,240700200007,Sports,Team Sports,Baseball,Baseball White Small,US,Top Sports Inc,14648
451,240700200009,Sports,Team Sports,Baseball,Bat - Home Run M,US,Miller Trading Inc,15218
452,240700200010,Sports,Team Sports,Baseball,Bat - Home Run S,US,Miller Trading Inc,15218
453,240700200018,Sports,Team Sports,Baseball,Helmet L,US,Miller Trading Inc,15218
454,240700200019,Sports,Team Sports,Baseball,Helmet M,US,Miller Trading Inc,15218
455,240700200021,Sports,Team Sports,Baseball,Helmet XL,US,Miller Trading Inc,15218
456,240700200024,Sports,Team Sports,Baseball,Bat - Large,US,Miller Trading Inc,15218
457,240700300002,Sports,Team Sports,Basket Ball,Basket Ball Pro,US,HighPoint Trading,10225
458,240700400002,Sports,Team Sports,Soccer,Stephens Shirt,US,Teamsports Inc,5810
459,240700400003,Sports,Team Sports,Soccer,Red Cap,GB,SportsFan Products Ltd,6071
460,240700400004,Sports,Team Sports,Soccer,Red Scarf,GB,SportsFan Products Ltd,6071
461,240700400017,Sports,Team Sports,Soccer,Fga Home Shorts,US,Fga Sports Inc,14593
462,240700400020,Sports,Team Sports,Soccer,Norwood Player Shirt,US,Fga Sports Inc,14593
463,240700400024,Sports,Team Sports,Soccer,Prosoccer Away Shirt,US,Fga Sports Inc,14593
464,240700400031,Sports,Team Sports,Soccer,Soccer Fan Football Player Shirt,GB,SportsFan Products Ltd,6071
465,240800100026,Sports,Winter Sports,Ski Dress,Additive Women's Ski Pants Vent Air,NO,Scandinavian Clothing A/S,50
466,240800100039,Sports,Winter Sports,Ski Dress,Garbo Fleece Jacket,US,Miller Trading Inc,15218
467,240800100041,Sports,Winter Sports,Ski Dress,Helmsdale Ski Jacket,US,AllSeasons Outdoor Clothing,772
468,240800100042,Sports,Winter Sports,Ski Dress,Helmsdale Ski Pants,US,AllSeasons Outdoor Clothing,772
469,240800100074,Sports,Winter Sports,Ski Dress,Mayday Soul Pro New Tech Ski Jacket,US,Mayday Inc,4646
470,240800200002,Sports,Winter Sports,Winter Sports,Massif Bandit Ski Parcel Axial,FR,Massif S.A.,13199
471,240800200008,Sports,Winter Sports,Winter Sports,"Twain X-Scream 7.9 Ski,Sq 750 Dri",US,Twain Inc,13198
472,240800200009,Sports,Winter Sports,Winter Sports,Amber Cc,CA,CrystalClear Optics Inc,16814
473,240800200010,Sports,Winter Sports,Winter Sports,Black Morphe,CA,CrystalClear Optics Inc,16814
474,240800200020,Sports,Winter Sports,Winter Sports,"C.A.M.,Bone",CA,CrystalClear Optics Inc,16814
475,240800200021,Sports,Winter Sports,Winter Sports,Cayenne Red,CA,CrystalClear Optics Inc,16814
476,240800200030,Sports,Winter Sports,Winter Sports,"Ii Pmt,Bone",CA,CrystalClear Optics Inc,16814
477,240800200034,Sports,Winter Sports,Winter Sports,"Regulator,Stopsign",CA,CrystalClear Optics Inc,16814
478,240800200035,Sports,Winter Sports,Winter Sports,Shine Black PRO,CA,CrystalClear Optics Inc,16814
479,240800200037,Sports,Winter Sports,Winter Sports,Coolman Pro 01 Neon Yellow,US,Twain Inc,13198
480,240800200062,Sports,Winter Sports,Winter Sports,Top Equipe 07 Green,US,Twain Inc,13198
481,240800200063,Sports,Winter Sports,Winter Sports,Top Equipe 99 Black,US,Twain Inc,13198
